   0.894364239608626,   0.434494472476307,   0.783766808039957,   0.798026791282153,   0.847155873933035,  23.220297914636117
   0.139153749016137,   0.544024976594177,   0.790410016338077,   0.224740424617908,   0.598551078361841,   9.282845805365479
   0.171506276137121,   0.293050373668688,   0.260230038519306,   0.391687905364630,   0.774976022604488,  10.513962887438689
   0.606039780345238,   0.602257448542795,   0.051318810466960,   0.466065337099128,   0.636162928636457,  20.981693185371704
   0.855213352604688,   0.294284558493060,   0.962053761704628,   0.800176109795726,   0.608190524537672,  22.420790130225690
   0.025078637036776,   0.167451579805372,   0.014813891251740,   0.438025764237466,   0.826195061099120,  13.351270168069554
   0.374518900346405,   0.759337718843242,   0.428499088955285,   0.733955521186874,   0.909744867555760,  19.782762621973802
   0.801845987611571,   0.313537099062686,   0.573631741316146,   0.963512809940046,   0.189925158675448,  17.795473269094892
   0.705636816705817,   0.214339794880459,   0.924706639809210,   0.584913696226443,   0.506254372307419,  16.562672737720678
   0.250771236453256,   0.780453708908290,   0.255405998401099,   0.862983943331737,   0.485566580499147,  18.022621208581850
   0.983934599358714,   0.365096578260729,   0.235204190079669,   0.279899119563520,   0.658463208818854,  16.531603541464889
   0.298387499689685,   0.407512597241876,   0.699457086355469,   0.741214895552367,   0.608547528860180,  14.978386453785941
   0.436441891251331,   0.619591257760472,   0.612242379426265,   0.151365141551503,   0.988365662644635,  14.217185047212810
   0.110395160995427,   0.873410684994101,   0.689462845641602,   0.230167316567134,   0.589567652387490,   8.950456583440154
   0.728256147483841,   0.964321161505536,   0.729601724461135,   0.877610596392570,   0.730959532737345,  21.533237364134528
   0.723934149760271,   0.337225751812652,   0.958418464654979,   0.265961024472923,   0.607573230300589,  16.839883204746215
   0.821581043734717,   0.272218902656055,   0.193092304672191,   0.562689753604680,   0.471762101738209,  16.331724293111304
   0.343239925072890,   0.847908851083393,   0.201923097217865,   0.830756288923151,   0.472169152963127,  20.366865185465752
   0.550268938866725,   0.456594779244123,   0.321707753444230,   0.157557578223962,   0.456830570648362,  11.594270708772779
   0.084515507121179,   0.983775270636462,   0.366090786411405,   0.022265313619715,   0.131850626390963,   3.822992475109609
   0.297422250374736,   0.002006150861909,   0.457854311161492,   0.663099448521856,   0.514062504427913,   9.255577241665996
   0.541090727453998,   0.066863411442725,   0.371758557153101,   0.385256376657267,   0.947436692904394,  10.052821145454875
   0.496711126822337,   0.034594672637351,   0.636567463855292,   0.774090902649422,   0.665371076928109,  11.980353111741181
   0.512933942246045,   0.894763229376836,   0.021796245822641,   0.694840695147395,   0.746159104539572,  25.169755695087229
   0.134173690534937,   0.845558111304628,   0.340773643447556,   0.513104333484881,   0.431323268110472,  11.283924532634099
   0.732755301859133,   0.419756321097058,   0.764649817068108,   0.604344129635551,   0.636659797928667,  18.855340919837037
   0.055911945622247,   0.681429925324860,   0.775896278025666,   0.704218098277399,   0.228680311999204,  10.902050716934774
   0.896775205437287,   0.473923113992859,   0.807083965089986,   0.647442598729611,   0.722665232981366,  21.697480907633977
   0.552031681947955,   0.261894195978255,   0.320837061340225,   0.243837333799860,   0.240396857042104,   8.669711081724405
   0.308903319213073,   0.115510971774208,   0.803072053546506,   0.401377076393290,   0.416776908927494,   9.053336888151158
   0.905885531969300,   0.915609558623405,   0.001665938765047,   0.162029344131269,   0.634288974226309,  14.864093106934675
   0.447823899885944,   0.444781832261715,   0.003065894715757,   0.745714148783827,   0.563439432042167,  21.070300846487747
   0.322688527910626,   0.246684051034482,   0.265920203007248,   0.082419022122006,   0.821117750668176,   8.500435663797465
   0.351845521609140,   0.696382767150478,   0.481881123335080,   0.622286585318431,   0.034732299604896,  13.362653393211319
   0.214157016462372,   0.121349344103402,   0.783863034982095,   0.147027521258982,   0.315825033265129,   5.476489372308474
   0.700228799523338,   0.006471777793653,   0.034360028413149,   0.549251094052010,   0.292410966187162,  11.433340970727290
   0.060712183464886,   0.359802941561145,   0.501764184406080,   0.492159563906054,   0.199770533624836,   6.606234777372102
   0.990568717179529,   0.889082725538111,   0.743676108369890,   0.291324078724728,   0.314443194946129,   9.333879534206922
   0.003020505952808,   0.957456603365897,   0.840088279889616,   0.637596711712500,   0.922284174703991,  13.391442468473763
   0.821334792268547,   0.965560145825926,   0.590052913212246,   0.721965457310891,   0.608840581941463,  16.479173302121865
   0.262522113847729,   0.148048823014578,   0.219457294543406,   0.585114174261455,   0.874424592885774,  13.015331419333506
   0.960764036145326,   0.431935373567018,   0.930459707285300,   0.116336354330220,   0.036797671099057,  14.698737565649411
   0.572506455010286,   0.833659537312056,   0.133850403612211,   0.101621210652962,   0.206006940161520,  14.702084630646599
   0.201882302972643,   0.074382507671456,   0.118661162817332,   0.133148231886053,   0.242975366249813,   5.926327993779728
   0.558246640703878,   0.430724924746004,   0.256779152503716,   0.534657568727859,   0.690559936695217,  16.838289727398120
   0.179188410673403,   0.926673391052886,   0.556892860681928,   0.243130365376581,   0.025705914709195,   7.607758524839380
   0.227455650525104,   0.086852977895703,   0.838234258261224,   0.660966993934775,   0.569272143659410,  12.364308512514604
   0.150925079859330,   0.795073555025928,   0.994330695133932,   0.725531672983670,   0.446162050101890,  18.054528157893468
   0.515427410512695,   0.602595522699848,   0.812472256464166,   0.711764833833564,   0.170927972773452,  18.206351230825682
   0.832573673876257,   0.919544815352809,   0.143181997310855,   0.355000406566186,   0.366656953345114,  14.646102608488425
   0.507460224191401,   0.466681407469038,   0.142998150825580,   0.516454789065434,   0.611239487976973,  17.542108554675853
   0.267527226729500,   0.408125246146494,   0.012626171007290,   0.712073004039507,   0.290111715844084,  16.685220053566351
   0.773312564641981,   0.483541892529109,   0.842862276027960,   0.130840200651352,   0.040485690408733,  13.087788632039018
   0.692195670848478,   0.474300215868031,   0.075233598257216,   0.154469201680650,   0.511579319034484,  16.291367823934937
   0.897516746526898,   0.422609003800516,   0.305926615715602,   0.331506106442660,   0.946483341481850,  18.090398638013877
   0.461741239802080,   0.456316415764419,   0.126256109627572,   0.918969200471698,   0.449767941163737,  20.378656406114114
   0.130467654955052,   0.461533350351385,   0.608734625270310,   0.684465335212715,   0.042917679562862,   9.176158993180692
   0.514337305244887,   0.707546171315111,   0.405483235763837,   0.165773426923776,   0.233344206234627,  12.103107673027683
   0.538068822612143,   0.826790951180584,   0.645365311250501,   0.077656950170135,   0.708403788275901,  14.591602534566778
   0.706609254790247,   0.831052106013729,   0.071176598328704,   0.218279535065054,   0.802136671344560,  19.498127817438831
   0.462437648563472,   0.534066537088317,   0.058701509130818,   0.246603041433873,   0.609362124776279,  16.411222461747393
   0.138779774341231,   0.827597509681369,   0.924513528827886,   0.377650398002397,   0.682305062359562,  14.322715449551808
   0.935183198864423,   0.085777020855352,   0.736732593589075,   0.140503503433039,   0.558014257558824,   7.809461071617051
   0.845902055697075,   0.140443526084507,   0.352449113590362,   0.650108591997018,   0.051591122786962,  10.840677445117997
   0.528947210297915,   0.527409216876980,   0.686458375264888,   0.555858988381514,   0.979921017198947,  18.838028433654586
   0.271601380385740,   0.352772407234371,   0.156252552003082,   0.710314453807378,   0.426326951110254,  14.562845324369711
   0.695790154130555,   0.450466602119024,   0.183258589067994,   0.832828406246030,   0.171523034649337,  19.523298202780794
   0.352709906144744,   0.302462119685867,   0.894783775957365,   0.008269977667305,   0.154655247235226,   7.262163767287622
   0.186807400824620,   0.884197887417908,   0.464587709048142,   0.397880782845410,   0.783318436933589,  12.879834172490174
   0.069599633967738,   0.748543729273152,   0.193942822821533,   0.437989575150481,   0.203847421497506,   8.901973572973318
   0.118431808113174,   0.494606762836778,   0.947425188205350,   0.369229248625881,   0.411519736210690,  11.583564048768906
   0.661013504425509,   0.257761871900432,   0.790347360934255,   0.694901097241920,   0.077856368921734,  14.125120929609537
   0.500387341704856,   0.954007571871168,   0.209284778157015,   0.471597544361658,   0.478931599906270,  18.775686326519303
   0.457920797264147,   0.326595081969518,   0.673353817533191,   0.091607397554996,   0.821156758332884,  10.150323949434439
   0.160987518705356,   0.998269556062958,   0.782241184627093,   0.894008145341344,   0.908542985282074,  19.913039958490636
   0.786190788266802,   0.637042112190748,   0.465124742834028,   0.304869235464106,   0.625226954424667,  16.199118256042137
   0.205744472800663,   0.441957443724568,   0.800131410954465,   0.457475046697810,   0.818547281062126,  13.287029062520920
   0.130040998065784,   0.363233347691648,   0.445952743622239,   0.019570218325384,   0.685438023673637,   5.159812601626569
   0.023987944094691,   0.318140126767800,   0.891843885481969,   0.478405879656984,   0.904816093045064,  12.618700415397207
   0.428609625082310,   0.794606697906839,   0.797383411016916,   0.080754721465982,   0.050109255025666,  11.598602600082272
   0.415530348519904,   0.946768719486744,   0.769426893706669,   0.676475630883537,   0.752770141010055,  21.424991284906685
   0.994814434065407,   0.432811399389745,   0.999196905267301,   0.473991563579259,   0.473420065909340,  21.854005038904528
   0.311507109934485,   0.701497948621518,   0.389215493214773,   0.949333457125751,   0.397542488888147,  18.064895672169257
   0.097939891871942,   0.882975099229818,   0.208366270258297,   0.936397292940140,   0.970321773242614,  18.600090078994661
   0.306841882367132,   0.248830490274014,   0.155042964446529,   0.947285104281665,   0.930329107568919,  18.880125210998898
   0.150108479140484,   0.838010219897437,   0.341115579538610,   0.738651439416956,   0.573874471386465,  14.610594562005907
   0.773844365940230,   0.235851378116638,   0.039535304235946,   0.784765735439805,   0.835650472162080,  21.691203372614105
   0.336565852416847,   0.437355324377438,   0.747277587095562,   0.259549047304282,   0.679997266259217,  11.679722404155115
   0.982823821891923,   0.906433460421189,   0.347572692998160,   0.018760457292456,   0.519718085328948,   6.612692995692012
   0.995604240525517,   0.202012352931539,   0.154143672776899,   0.869379252415625,   0.628658961580275,  20.135811741458028
   0.010787077293359,   0.670345534211670,   0.640502962866502,   0.079095260987377,   0.772317298408485,   5.274511950077686
   0.654215219110756,   0.303004801090099,   0.591763370936453,   0.134208816563194,   0.214611658461678,   8.416341303180305
   0.967909842738161,   0.911738921465457,   0.797290082798941,   0.099283626785180,   0.423820895734064,   8.488231336765935
   0.745340742333155,   0.305514558500610,   0.415683520120586,   0.690348216964952,   0.392255905181372,  15.565988256218921
   0.437420293246859,   0.720167491368495,   0.015612662074569,   0.853560151323553,   0.547038788716451,  24.321764740422211
   0.856513174238455,   0.110974482613487,   0.989524917385157,   0.988330621553619,   0.354848265031724,  19.392178226978544
   0.467491214627727,   0.136446915954173,   0.174617339544959,   0.114467265303376,   0.880261408219026,   9.654022388911915
   0.198807028395783,   0.638255813396535,   0.122302462711584,   0.123896064471131,   0.914909457211702,  12.548231951559442
   0.446373287124308,   0.572288226437974,   0.827578326394053,   0.083583624853528,   0.999399362148721,  15.170169474035227
   0.582477578629356,   0.915400385665261,   0.711278677753698,   0.713428748118549,   0.955376848547722,  22.749600591827573
   0.521416089883364,   0.554685119250042,   0.620235075855427,   0.177974256783694,   0.293645824844820,  11.423642368783963
   0.846288019493221,   0.161954925408970,   0.678250779025113,   0.047036310667324,   0.420728370056921,   7.383526518268450
   0.604525007968078,   0.995563713624777,   0.096821463103539,   0.706964635419699,   0.804356707119764,  23.835000845779255
   0.968347507371439,   0.661933433908466,   0.381304720078069,   0.041441124895027,   0.853169930977559,  13.997129811817738
   0.032457780434708,   0.217391907861135,   0.159298310660221,   0.298191489920800,   0.119686903119412,   6.123556708425698
   0.778126096541539,   0.394072070309634,   0.112736806854341,   0.135971750141505,   0.937853677951465,  17.259415314752069
   0.874503882206161,   0.850357118418787,   0.011457463687103,   0.344123557574453,   0.942682700138748,  20.139042858301707
   0.870182300247910,   0.249792259003753,   0.428469377439997,   0.078014555648606,   0.985109843314818,  12.118260952522395
   0.680301339101633,   0.107588498912624,   0.525804142818344,   0.737486568827166,   0.414635720911281,  11.740565389709044
   0.371497128763594,   0.435313393074577,   0.049272511871498,   0.900605763067070,   0.562456584135405,  20.746199879095133
   0.793938411704518,   0.109094321168132,   0.544188535074952,   0.832896544151445,   0.648119469889675,  14.296225077986147
   0.770174861233527,   0.407295555914322,   0.298201547731778,   0.340978319059270,   0.810626988374673,  16.612757518734121
   0.998326592999856,   0.325885555338148,   0.936532151212298,   0.579704452729824,   0.839107566085351,  22.335770083236586
   0.310962521609850,   0.912207700392898,   0.341096916675691,   0.411514962819572,   0.981521742258538,  17.305723603921599
   0.623998698895912,   0.505107197722707,   0.847793580485576,   0.121833118590813,   0.564126038846005,  14.819453234094750
   0.775123063711309,   0.357941577911964,   0.639945920213171,   0.668114540584024,   0.858747054507697,  19.020374374155242
   0.325144646321482,   0.824433562942384,   0.912982918554388,   0.055141071346773,   0.184217548231287,  12.344266330590340
   0.360357651370183,   0.961703062093499,   0.585209417912361,   0.294340807977889,   0.795984190345245,  15.928981838217450
   0.853915828601692,   0.026534332397246,   0.041856968186393,   0.549432210043912,   0.733859040518401,  14.072741856673172
   0.078741119170423,   0.322480662671104,   0.855003988135438,   0.618403090437080,   0.013955182208487,   9.571246177792545
   0.527901697576924,   0.029421238949524,   0.559248711894308,   0.600150016367036,   0.514960203535817,   9.134252939699802
   0.530294345668408,   0.615686544125883,   0.396768705890327,   0.351762959408092,   0.149038680840084,  13.026806118939158
   0.858331763137014,   0.192321657768459,   0.300600603019861,   0.581026150533184,   0.384829165599754,  13.486264425069169
   0.988549710579222,   0.946506833243076,   0.666972627517090,   0.835437905933629,   0.838899970023156,  15.113762265345299
   0.329045091876210,   0.542321236832035,   0.315079755901722,   0.961286569131463,   0.682502149448683,  19.026327217105766
   0.756370572187628,   0.039983317785860,   0.984507965165136,   0.707286981692804,   0.954834232369411,  17.490658528506692
   0.015001790951377,   0.549052820810488,   0.473168941672761,   0.208798977903140,   0.461566812643760,   4.668959017208540
   0.299888915203526,   0.153234233114762,   0.502981583961651,   0.575112268116697,   0.435456179366092,   9.367235735766211
   0.602345552685821,   0.548723848249249,   0.938414890100575,   0.139069323074297,   0.022454803368919,  13.962866032465575
   0.182950033449820,   0.231288872140464,   0.455762750747120,   0.171300717460729,   0.748298871060358,   6.819071574045513
   0.324979609631013,   0.573240614972579,   0.775701378084511,   0.941612862442444,   0.232479787125179,  17.622847520597215
   0.673051327003573,   0.433692669223483,   0.056466685052553,   0.137053477371412,   0.365360226134263,  15.069716488795752
   0.779049489466809,   0.875647385149350,   0.243590987818580,   0.855835676973986,   0.413214387200257,  20.345849930561890
   0.517196111443376,   0.182351896721605,   0.003055643520645,   0.007940387186349,   0.504194093405712,  10.459176689425407
   0.760867861938840,   0.749040830427276,   0.197867051079696,   0.395026571709653,   0.792057552446120,  19.495947923832386
   0.186836111803449,   0.774532165045355,   0.502930293288083,   0.293203135854069,   0.985665735395602,  12.251756374142627
   0.733594759850980,   0.446936380341349,   0.368261803521051,   0.233200987681435,   0.453115557130707,  13.517854568122504
   0.577356358556868,   0.401386590773161,   0.533031226575292,   0.670584351133113,   0.338969383528057,  15.076607877713318
   0.137994017068597,   0.505830953492236,   0.143375505137861,   0.832935752375857,   0.669959524699081,  16.398126320573873
   0.512205437596357,   0.653138003720917,   0.664863101046621,   0.797630071834427,   0.267604509533710,  18.537079210715998
   0.184095346163372,   0.603570343502168,   0.368463121456524,   0.646328534673050,   0.183723360405301,  11.148242378398049
   0.993320992046341,   0.898636375525812,   0.646009079736130,   0.335358906071339,   0.279211624222099,   8.485415717336567
   0.120423751597478,   0.377228133703307,   0.337469814329333,   0.459899812588500,   0.499964332300977,   9.049439893129989
   0.024262982981425,   0.142495439087744,   0.845850429318187,   0.340162071338263,   0.290177250917676,   7.353371527929474
   0.744344527637902,   0.891010884137661,   0.466712160170707,   0.485600121245973,   0.152579875413259,  14.354961849090136
   0.774344669165433,   0.900099409477893,   0.778916767966886,   0.597087037722096,   0.391385662614709,  17.629130883927377
   0.368662516504109,   0.970573919018645,   0.361967456541797,   0.764256519071324,   0.279297119509522,  18.438930381304900
   0.195431436748671,   0.713132036474774,   0.115544135664565,   0.830923695451439,   0.617017339133414,  18.590281104926149
   0.802920923267847,   0.323500516105566,   0.611396713224671,   0.663605210829259,   0.108939782874681,  14.713142732834232
   0.638891748089682,   0.313466833285538,   0.055903370455119,   0.255296379632028,   0.773848516772717,  16.251390316995781
   0.199011193635499,   0.709462184564588,   0.058101097716970,   0.046363196763790,   0.707066998148000,  12.196075751865953
   0.174343115859451,   0.557560496903960,   0.620694788041021,   0.081780260651794,   0.090238885652302,   4.566938612412565
   0.845965863895459,   0.210731262104678,   0.249794315226885,   0.116826317501635,   0.299872773027414,   9.232023631883896
   0.970053041420757,   0.884972905846090,   0.972391032003451,   0.446983094483847,   0.749840175584137,  16.983314190540614
   0.634423476430929,   0.531462629690616,   0.039328213609562,   0.234658666582135,   0.074070329103530,  15.681234362560748
   0.989044134562690,   0.380233912043726,   0.098093372041259,   0.469031307352033,   0.807956814839970,  21.212260509116760
   0.016742268883264,   0.245526511031363,   0.289550261081290,   0.492233960691756,   0.941503888118006,  10.644777844164453
   0.951002595698519,   0.944536774959315,   0.553360763321174,   0.435360769210385,   0.698411990479362,  11.044818580866307
   0.027214455861931,   0.780492709637900,   0.146106138086887,   0.217181793235950,   0.858650351620400,   9.636687664780723
   0.483523981322970,   0.177412462357046,   0.433220279658893,   0.711736897997683,   0.922837367442708,  14.483201215432285
   0.370454033342480,   0.074488326604600,   0.396420768494691,   0.488257327037124,   0.766725340597884,   9.796594501949976
   0.052485881731946,   0.855581926846441,   0.503880216409226,   0.495405437751132,   0.090058892610776,   6.810737707778700
   0.470157931329195,   0.388549151806523,   0.467772150688465,   0.004870835719676,   0.688099473873163,   8.939129424881795
   0.434466006126755,   0.411417622225836,   0.703646772488775,   0.886083806958225,   0.759415311580775,  18.812344285367288
   0.935533435803878,   0.853514705276813,   0.601664738194030,   0.216766454977045,   0.433000021286110,  10.455504340985529
   0.778307588542847,   0.996375356669937,   0.962929693667380,   0.640782774207718,   0.861744883083310,  21.485481128974854
   0.536816687742396,   0.838755955706091,   0.184740724426018,   0.737336826336160,   0.167564421393112,  20.077107646546530
   0.384866549790274,   0.420234774392416,   0.547338184062255,   0.505847415205313,   0.878616533517246,  14.361585359056850
   0.692333292501705,   0.209714636930322,   0.969834935548436,   0.318496829838848,   0.515117865109352,  14.580274618534073
   0.519112295281663,   0.372516331125441,   0.906755651761154,   0.616822704890607,   0.027435242195401,  15.322689397801422
   0.107189888002231,   0.539205567607022,   0.477299016066433,   0.754197941864280,   0.597624180221697,  12.346204303207257
   0.467245031343538,   0.319204845950436,   0.801185680169321,   0.956610211425749,   0.916679748097993,  20.479765444320559
   0.722167661082993,   0.431081055656544,   0.512199636304448,   0.766738660626879,   0.822655381841533,  20.077557341041501
   0.976495481402385,   0.215348760499006,   0.285777065925316,   0.616907460223903,   0.439832685569485,  15.422261985750723
   0.003296187342556,   0.929784500304870,   0.104391196085692,   0.192635234477426,   0.607275323583448,   8.189135759058253
   0.003842496396786,   0.037151482093092,   0.242393087506020,   0.383186624568319,   0.756258091269872,   8.944867892052336
   0.278497362664341,   0.129206130734812,   0.724598559981245,   0.109721498983015,   0.938248414666898,   7.925398202665037
   0.640057036681209,   0.027080568950772,   0.399822090413399,   0.571533191047453,   0.348387963389323,   8.202250599997791
   0.068928997420374,   0.734932385333375,   0.877169243863498,   0.108261650980657,   0.441195966376334,   7.718492312658875
   0.310395718594144,   0.634052881472873,   0.298119230296194,   0.224868503080647,   0.295106095506751,  10.335744901638950
   0.291931927908432,   0.056298091800742,   0.029645122388237,   0.930813653294503,   0.763951040947832,  18.068663934821409
   0.454679530607486,   0.922890514531583,   0.787086257856649,   0.314096159580090,   0.295469980027819,  15.949533216304687
   0.327952253821203,   0.933285453818446,   0.500845486071315,   0.564076178708045,   0.322267765572461,  15.452949807105124
   0.140942410889458,   0.739712642543669,   0.342991465708698,   0.675386219366400,   0.800074483153864,  14.464346553741597
   0.198567784815182,   0.839179526562492,   0.523543777462649,   0.119707613000098,   0.826651733495946,  10.340532733305210
   0.691151901825616,   0.696192383369913,   0.967015063837257,   0.376347289820343,   0.588896032619617,  21.052530996002922
   0.254528751212838,   0.297401840082830,   0.814267312004167,   0.223568078444732,   0.267284652218812,   7.903132564660689
   0.489816367386096,   0.097818284560695,   0.289165476293874,   0.879511044059737,   0.254931064608023,  12.458343258611727
   0.503032437288410,   0.005292885936685,   0.413515076603651,   0.558362500128376,   0.840566759424185,  10.019695356871939
   0.267598234714176,   0.856131227861515,   0.942099892402412,   0.212298331264622,   0.259321540212682,  13.920501892707909
   0.963734149318534,   0.436053776046221,   0.878591976249100,   0.581428633578476,   0.262733695175345,  19.682295774001119
   0.129066380203265,   0.465402998663789,   0.866044171816546,   0.007437040300801,   0.987732031263448,   9.568705128919250
   0.991134433657211,   0.598684536220518,   0.916251548664714,   0.215529283497772,   0.687148157509122,  18.629140324134504
   0.201233853401775,   0.227922298681631,   0.895460555719095,   0.678547194238325,   0.632736964100152,  14.512869758073165
   0.453633048102977,   0.597104684988083,   0.829364850458164,   0.753825174103454,   0.846928255431261,  21.461600467125113
   0.261099644829006,   0.482448792386789,   0.994243525191592,   0.624627954238410,   0.589847118063245,  17.935937759547347
   0.552566098455420,   0.113368124647164,   0.324823407748570,   0.813409957262805,   0.664080946485910,  14.023562032721463
   0.290921954539853,   0.548004773001182,   0.185120077629126,   0.469007804650747,   0.812661773038634,  15.538118002645430
   0.461766771833135,   0.894130617719419,   0.945387282744516,   0.028262921768784,   0.212397951428743,  14.939799960756353
   0.599779374024114,   0.971318760668665,   0.768082934756694,   0.687850739241574,   0.583029746228936,  20.896406424779158
   0.794624402268219,   0.450260044733654,   0.932604489064774,   0.433830213212605,   0.144254518152248,  17.820966449042601
   0.728823907835153,   0.752693688312857,   0.667764691746294,   0.437381075215057,   0.834673533512038,  18.993836478195504
   0.966498364262373,   0.070618066720126,   0.843718000387289,   0.901239638128678,   0.215017860714799,  14.578141794642393
   0.732974539593939,   0.721254016916804,   0.845494347736965,   0.619556695938555,   0.856142554876041,  22.823097400948562
   0.952241470256719,   0.545579010453971,   0.873226371691660,   0.939860690506373,   0.927629036567515,  26.803907676110022
   0.297111435724992,   0.473744071064645,   0.470147016354603,   0.515058855674402,   0.170265907564153,  10.298978425890027
   0.872747336513032,   0.542224802007624,   0.685745630691393,   0.500013138153120,   0.694598138945969,  19.127794754018268
   0.018723010014733,   0.854475545519706,   0.346693099301701,   0.412826990988357,   0.018976280136132,   5.195602969240447
   0.874521773608007,   0.507095451137591,   0.894547206884003,   0.730610810752213,   0.029274648560198,  20.408524680261635
   0.833870454359764,   0.120863487849159,   0.935857688292557,   0.203900708705013,   0.178284022887092,   9.843465515719762
   0.151788436762389,   0.870119635219910,   0.190326569174247,   0.148129264960484,   0.643182986811022,  10.646355092922731
   0.451991079154482,   0.603966908544270,   0.415725896357698,   0.268132464522314,   0.138310173415761,  11.077768072061639
   0.660016990417481,   0.534555369938538,   0.233488744780180,   0.935095497268327,   0.550837684329655,  22.475582482662922
   0.867562145401642,   0.332182975977607,   0.721169787088508,   0.814127144760164,   0.091865268453583,  17.445478108282533
   0.631500625233178,   0.657282123872413,   0.208660371250411,   0.974518413283626,   0.374245824400131,  22.960176808616655
   0.444842224948509,   0.606192446695101,   0.908651608093954,   0.537821963085455,   0.576994160422263,  19.097155773051380
   0.685731105576910,   0.423996555554043,   0.010414459934324,   0.722523895734134,   0.380084070952211,  21.835463234894625
   0.638644386093973,   0.872418700613881,   0.134713059769317,   0.127305882295372,   0.652402835061649,  17.042933909268474
   0.459548029715765,   0.300002450473533,   0.960997867432018,   0.407540875447294,   0.106977770181467,  13.057701665961398
   0.248651579234593,   0.962351725076738,   0.066760400632051,   0.227279661803020,   0.534127963238016,  15.526567956537072
   0.287121710581024,   0.657409235264312,   0.840362974805460,   0.925277841812987,   0.865262668371389,  21.484510403914335
   0.806916730601590,   0.955171191038552,   0.161540185482271,   0.032481699273318,   0.529725912244251,  11.860124496524644
   0.346496501981397,   0.318118588452226,   0.491527284091258,   0.359633015666030,   0.616568054205709,  10.074693671287285
   0.569221859161392,   0.152495113432480,   0.790784221423526,   0.202409264756107,   0.076641422937996,   6.791748952251056
   0.677287636634741,   0.602203071117255,   0.547115893902774,   0.244914202466616,   0.680494577143326,  15.480018541619470
   0.737568782173084,   0.264735237846594,   0.299517840965113,   0.203245020335458,   0.163564404526394,   9.410878993505325
   0.205343820084820,   0.962660442252601,   0.122564752282919,   0.713088828439804,   0.153659089777769,  16.566970139661468
   0.653446848305234,   0.272846042864880,   0.751833552916346,   0.948589203192707,   0.357355718661991,  17.853916197833914
   0.295567434585213,   0.226176286998953,   0.099035578387990,   0.638812893173420,   0.265044484596986,  13.013561589106089
   0.579796051231917,   0.125334162970510,   0.618205823817369,   0.599510216273493,   0.092224278916640,   8.998837548079431
   0.188799965907349,   0.697267615202339,   0.290862659594276,   0.749972800583582,   0.141398817058500,  13.100319286036463
   0.267571957985359,   0.200668107847163,   0.602202847133032,   0.877569532805809,   0.147453810009356,  11.400705154107252
   0.795212929571965,   0.315242246712926,   0.214560285447952,   0.790433745878961,   0.068438853476334,  16.962310223464147
   0.753678618132619,   0.578698112661758,   0.833202196790208,   0.738799625496681,   0.728183491567326,  23.048893322969437
   0.571404630568667,   0.356073164804856,   0.441962657536652,   0.411934261634571,   0.932759987337127,  14.815998961522093
   0.804026857597840,   0.299397329083763,   0.518018334897703,   0.235743275484713,   0.743694190789652,  12.944419170576083
   0.524742168895197,   0.768888451799501,   0.463738608443881,   0.291646767445492,   0.327267635343331,  14.122773016558487
   0.152463701206277,   0.634970059725883,   0.633829336150418,   0.508967524116528,   0.496787183500754,  10.926518064974294
   0.275025015765441,   0.287177171004430,   0.676481277562056,   0.328280561137731,   0.294606246848142,   7.834625903283085
   0.517506375187864,   0.482133933417150,   0.612223603873570,   0.350714261521569,   0.775706427503822,  14.697673675657436
   0.009583203907090,   0.554809728618021,   0.489654148056150,   0.273069717657342,   0.323297048152588,   4.516349301834820
   0.436656657912478,   0.123364098306667,   0.455277631211445,   0.956103578016760,   0.201316491195669,  12.291859380898410
   0.892159497328201,   0.202343572698696,   0.504172686818209,   0.036098189431435,   0.627699167945304,   8.871952539628392
   0.126425858096062,   0.816843171950871,   0.963380319742028,   0.592052127859333,   0.068546561648132,  13.745390725987242
   0.977402457519451,   0.044878605037514,   0.371346264775447,   0.207176820872981,   0.532145286922195,   6.437215563131955
   0.640747567689500,   0.753617690847370,   0.959993340953765,   0.343542952339925,   0.407585808123831,  19.690773704240069
   0.690273956828993,   0.493364524482260,   0.946869166117039,   0.479212596628686,   0.437646164432990,  19.745676459409108
   0.199498052768677,   0.146349418683625,   0.247247055581590,   0.774511918912272,   0.476989686794929,  12.323695757994061
   0.763390787763616,   0.240321891843968,   0.105238213791137,   0.812623802809757,   0.606064149422007,  19.723010727830857
   0.837998942162142,   0.829121571540842,   0.680469086761063,   0.804693765339555,   0.346572372959600,  18.616235624705084
   0.213497866544137,   0.225261414486637,   0.160695079402287,   0.458593803080851,   0.119597204317028,   8.991619751315008
   0.291090964815506,   0.966471993653966,   0.083320205990860,   0.247765731351812,   0.391117404203388,  15.637409248667069
   0.005789636459625,   0.296713143240124,   0.192622972674395,   0.085407685211506,   0.916917143005111,   7.382243245983038
   0.477975222407564,   0.144654047052443,   0.922429322405514,   0.536014291888433,   0.331778283911022,  12.743054669283891
   0.083528142729154,   0.861575166224224,   0.776755685661278,   0.358107046541174,   0.280039554900825,   8.754802158979018
   0.464526253858379,   0.181437930242474,   0.033671107851128,   0.606349529047558,   0.614365968430295,  16.101565161256907
   0.845696646134887,   0.797827059255485,   0.431312160542431,   0.343355589899598,   0.306357856625583,  13.590705487985906
   0.768703155372731,   0.893919429148680,   0.057976123303945,   0.144003713355576,   0.443238631229502,  15.884580996345248
   0.214263412225025,   0.328020637869252,   0.887118779841562,   0.498767358934333,   0.370053942979050,  12.025264956893121
   0.935809060882533,   0.653523387347090,   0.743892855621818,   0.363537348716757,   0.662877989813672,  17.531390154339121
   0.516839580315822,   0.392574872131528,   0.638793864336256,   0.012264667814338,   0.422073398810573,   8.569557793059843
   0.642939040969724,   0.854922046363559,   0.986999608018723,   0.672372647641996,   0.695264765972980,  24.821957907279273
   0.438749008113070,   0.479924207593086,   0.205281480273471,   0.857956644215792,   0.117895419053971,  17.049341262612039
   0.612310646854032,   0.907139544330466,   0.690842327347730,   0.495336613908586,   0.798916682425956,  19.525011716616707
   0.687797940802498,   0.561261489874443,   0.852259126790136,   0.649241214286591,   0.298263151060726,  19.831336452049225
   0.712323336623828,   0.650536937319735,   0.428243980861044,   0.243181463408386,   0.918111037519723,  17.059289985263174
   0.753808444923173,   0.524574768179032,   0.624599647758361,   0.473973223974306,   0.541992798776990,  17.225407135275972
   0.411241766296900,   0.648428578871833,   0.095271895648815,   0.058821231140009,   0.220394920345962,  12.397611008806507
   0.050178279789414,   0.831252123554654,   0.224722166656930,   0.560621788558548,   0.245473668003218,   9.655780524608803
   0.754471377982430,   0.382015360440790,   0.199034487679127,   0.805751623484897,   0.422292840791624,  19.847731330065152
   0.879096752116486,   0.716179568901954,   0.383266612068631,   0.865124358615908,   0.955777641790280,  22.885305496247952
   0.802781838256060,   0.049327896471880,   0.460436285695257,   0.626144742804547,   0.103873257242961,   8.052969174231363
   0.361321527488418,   0.427931995794986,   0.378313197965597,   0.010967193848264,   0.647440707452456,   8.311802361388551
   0.208126317991519,   0.363918451039955,   0.669406770871566,   0.876208417936613,   0.591974710235906,  14.653014320705369
   0.513491270359939,   0.194989725128676,   0.414889533785817,   0.299874432868605,   0.632054087230324,   9.397810674043981
   0.571142222528264,   0.357610388377168,   0.570262450646399,   0.739949653321325,   0.820277730794147,  17.584874101568541
   0.418651507073206,   0.985480901992727,   0.203364361414424,   0.519151885869806,   0.955240851995935,  21.352752335304483
   0.624936416911850,   0.815759150445327,   0.373917775982271,   0.728713185202464,   0.867507701121394,  21.937868212369974
   0.882369085999482,   0.015742212361739,   0.863685758719638,   0.894253186777293,   0.177412447804011,  12.911183333685901
   0.590730194650506,   0.980885655245744,   0.325308957391670,   0.637965882417376,   0.505896488042575,  19.209681784820472
   0.942660967962253,   0.487578457057604,   0.033095354957385,   0.087194323442312,   0.375122457205251,  17.027202872042604
   0.453792157844748,   0.777504232368947,   0.402635961746391,   0.955096984712377,   0.992536156762276,  23.653255746291109
   0.082405014204815,   0.848178174843536,   0.262710089594965,   0.889433215915618,   0.956250548451060,  16.979901462579885
   0.770647779179078,   0.132207707221184,   0.381508582219310,   0.241272837186588,   0.880868500107934,  10.244328436029953
   0.840817394235462,   0.576818669739997,   0.386183871812899,   0.414288198631655,   0.460954061559773,  16.695632037339156
   0.415697333458961,   0.461264858902931,   0.933929326712762,   0.477647831398507,   0.410972845002001,  16.263366741911302
   0.472222191097323,   0.452467151960027,   0.981447208099996,   0.488134456111594,   0.582505578670664,  18.649341687767770
   0.271149227916491,   0.915611956496228,   0.649398942959939,   0.935385668406949,   0.825921885153901,  20.962343227717867
   0.097809497222847,   0.038802343790265,   0.072121206383152,   0.618567040328799,   0.143984476425217,  10.686426110932628
   0.404373298193008,   0.693165046330144,   0.642198428996147,   0.089655403416745,   0.467483813003006,  11.349466260723679
   0.751029323796626,   0.555515054851311,   0.253041938681221,   0.147633568456686,   0.398825252899495,  14.353874301258411
   0.196990910636581,   0.069004020249536,   0.531361929723867,   0.838713776558554,   0.716591882785943,  12.416680674751616
   0.537065335433072,   0.693990154891819,   0.942021320430912,   0.873087332612167,   0.619547377131263,  24.947390971161749
   0.486970562632214,   0.247934176243991,   0.080828678721711,   0.862117712785165,   0.661200553000218,  19.144024728699499
   0.350000454515323,   0.524422713003381,   0.287856977838316,   0.924668513827782,   0.237767327850644,  16.787665028795949
   0.998139397900183,   0.345082727940227,   0.975885652288753,   0.950246457322868,   0.386018388405529,  24.791319800777003
   0.796146697774142,   0.821963635634644,   0.198851491162559,   0.168424840987745,   0.747839947116982,  16.083664262809268
   0.146339834452047,   0.889791140796994,   0.915627902462006,   0.495792945024379,   0.153776726642910,  13.159331361027704
   0.081987080194910,   0.316529492963646,   0.477751906970995,   0.348568766688054,   0.281974530856734,   5.719842031176416
   0.959320581732182,   0.515701146504191,   0.963858403361099,   0.016120115684358,   0.749822109187068,  18.212229776816336
   0.661161303332679,   0.728370726017836,   0.126788492003790,   0.922671313847304,   0.968060775072776,  26.835997477992628
   0.181354601945124,   0.234417621143819,   0.554901308878495,   0.807212215441474,   0.920754716819080,  14.067788075743414
   0.913742204167376,   0.693465555721054,   0.359974152381229,   0.376727308648595,   0.960872670754698,  18.095200954381855
   0.066393070846604,   0.716480385197054,   0.888300850677795,   0.876589969529380,   0.832035015377695,  17.430504041264918
   0.232386056684747,   0.882062401646005,   0.582867434583543,   0.881809346034885,   0.213537125268279,  16.026794063763216
   0.186431805419087,   0.333954660865840,   0.800138065226777,   0.821235481317563,   0.945498111227454,  16.685003175810021
   0.730106684191162,   0.242618031730225,   0.530672878345946,   0.219311943835277,   0.422679461001661,   9.607444673856588
   0.129321305636578,   0.911837065833916,   0.148027123635691,   0.138761369062718,   0.517699115445962,  10.074217209365649
   0.992622771822221,   0.686419547698760,   0.399000876370167,   0.960918112393748,   0.720181761421602,  21.834488405880688
   0.973303080195636,   0.396655576432847,   0.015204649025204,   0.479209141295626,   0.149729618658644,  19.607496672828262
   0.253099109180024,   0.221892776100016,   0.035438145476224,   0.016653713675302,   0.462177162217608,   8.548983330862828
   0.909640401793156,   0.994125015091761,   0.343954521389596,   0.516248304212988,   0.471059558263333,  10.966311452917543
   0.627283939900742,   0.813596987377531,   0.559869233805269,   0.570142427124850,   0.972761554857374,  20.631626270353202
   0.715793011911822,   0.300942940315140,   0.379554845704284,   0.135796116293683,   0.891809394615400,  12.369692464410905
   0.988952394287993,   0.646369464511752,   0.971080991856481,   0.017378403987152,   0.136932632635187,  14.355355212303357
   0.536185673306171,   0.693813966462553,   0.902468710754699,   0.422363918409102,   0.958400603205388,  21.457743105673394
   0.629523929730573,   0.917517501655844,   0.394897935751748,   0.302100167622077,   0.317738123333833,  14.534933957492493
   0.361486642433941,   0.171144231069453,   0.702845493207399,   0.457324911663366,   0.440880762509840,   9.531954085578453
   0.461460609689241,   0.181664961051999,   0.776412038366640,   0.139771700127860,   0.596993897107301,   8.514054773794138
   0.578112112418607,   0.742294426568907,   0.209129591920493,   0.174026393510915,   0.504003693997880,  15.705559036949097
   0.380253832784523,   0.516044789942311,   0.602139981596181,   0.608940616284129,   0.243107804279100,  13.295169790878843
   0.402183096971666,   0.825815599785548,   0.758488139077720,   0.035271057729478,   0.862599702244809,  14.643307115572519
   0.483463610010500,   0.658320862131129,   0.069046910501435,   0.379151471184932,   0.044266264092982,  16.141361063530191
   0.319920622655208,   0.450744514458235,   0.663339222953751,   0.939085723017472,   0.878146585187874,  18.692061773593863
   0.798594839446192,   0.904500034750808,   0.807320233909999,   0.131385976696884,   0.968139226672009,  15.701756965519579
   0.489967884900389,   0.415978789436517,   0.637949404618425,   0.777135215525860,   0.530882915746259,  16.780789086525701
   0.878044221001926,   0.243267600121171,   0.745085290508069,   0.079054252100654,   0.264664605274904,   9.533235492810826
   0.196780658468046,   0.150385567899364,   0.387141933624127,   0.896700954621141,   0.099546903920880,  10.647834855209181
   0.709146766198142,   0.680998703747865,   0.987858256569973,   0.606576650629627,   0.453081484692742,  23.076908357111446
   0.181972798516358,   0.277818891326122,   0.698582412904777,   0.240960495651841,   0.296394507498748,   6.261855352304431
   0.447635621185908,   0.366379630291974,   0.553179317434316,   0.082580596061874,   0.737013419932354,   9.494832297102514
   0.254755900724576,   0.779634083501704,   0.948817787214742,   0.646785394177187,   0.494270671372603,  18.810586495071252
   0.183711471032884,   0.568335446079256,   0.413884961668820,   0.402950811966052,   0.271377035534227,   8.756334146539270
   0.055924175826937,   0.034054070775313,   0.690018199627674,   0.867566422322614,   0.606287858294789,  12.489071412201396
   0.687407733603387,   0.790412507296000,   0.108485381440248,   0.970838014491507,   0.610577358191280,  25.734409307480590
   0.539235747567845,   0.415229453606286,   0.378543653273343,   0.283743312848814,   0.756915327623808,  13.385363949235677
   0.517066752159986,   0.005495191343182,   0.560057752238834,   0.858794356191411,   0.943993349738325,  13.469312405829044
   0.432328260526683,   0.748720755487287,   0.454182125918749,   0.074790435281737,   0.710919317535448,  12.849364550598285
   0.794678736429331,   0.438973645276491,   0.625778491166984,   0.767510072405693,   0.685608054359800,  20.313050554078334
   0.620235817724048,   0.822646990224962,   0.199127630590324,   0.043319323884014,   0.758972057041176,  16.033368029789738
   0.230049864287189,   0.482546383666264,   0.221744903551902,   0.124545133253491,   0.837355711677154,  10.397956223296420
   0.122128184655866,   0.328091414351012,   0.527767973217723,   0.066576808175568,   0.723021129771068,   5.551784358360402
   0.459860247055762,   0.192844149214061,   0.625488133755042,   0.064634838854316,   0.801766397821380,   7.720231577617223
   0.562640371539408,   0.060125983042502,   0.790444595305530,   0.835337733394423,   0.667739458304444,  14.440015308385789
   0.120109534216592,   0.408567859444725,   0.226015637416818,   0.739828020644845,   0.628627824358881,  13.578338737081577
   0.410917272649170,   0.787122970052075,   0.040847739435472,   0.473698260179438,   0.400156741429779,  19.454914683492021
   0.457218323401063,   0.244660848029783,   0.033652203919238,   0.597870058469846,   0.384731870138558,  15.694366361686434
   0.816209240449089,   0.029107472760806,   0.904186875849033,   0.956126042150534,   0.241391753507502,  14.781239950887006
   0.815796208630593,   0.322537540773287,   0.737260329314114,   0.375151847512882,   0.080815354174137,  12.637981609185056
   0.454931160237616,   0.079761501459227,   0.962231224292274,   0.249441054062462,   0.848777679792980,  12.148943741522444
   0.392177092034001,   0.003310694690284,   0.984395603097566,   0.589308859979609,   0.359711823322711,  12.425219376528284
   0.624566013414634,   0.471691625239734,   0.078196814790797,   0.723806399503409,   0.935501991820612,  23.463275995119961
   0.465465650166363,   0.474264488025563,   0.630914607787737,   0.428769782909712,   0.109231338424411,  11.569096676578321
   0.652573158687924,   0.893103324940953,   0.569453892898132,   0.378492717184903,   0.085592274779696,  13.972823370760748
   0.778741702090934,   0.910772961127939,   0.761367359170384,   0.707003585246879,   0.944478726481858,  21.074524684649155
   0.107549464976426,   0.247573188343397,   0.743322859105677,   0.972684598010422,   0.878819424583762,  16.140580098243561
   0.438275046911675,   0.515983274778739,   0.620755846001374,   0.987438596609314,   0.978313333287591,  21.579325968312222
   0.268540275087804,   0.613129172186753,   0.857442765776680,   0.899033757422767,   0.359271676286673,  18.287031790016897
   0.672128612714439,   0.931893013784615,   0.671239029318076,   0.851697963445642,   0.101791606598000,  18.834852087650521
   0.603857212293463,   0.517192631268053,   0.961262677405185,   0.379673346085854,   0.156497817313257,  17.145874871594284
   0.140221552558721,   0.811080807762773,   0.780957578452292,   0.766561365444343,   0.605338018383709,  15.768474538328531
   0.249981495006572,   0.226004005707282,   0.552513457548502,   0.855900761260973,   0.474125603254573,  12.750384460817378
   0.784477536001199,   0.318393763046710,   0.844981110945488,   0.711633058714139,   0.180214040403062,  17.463658016636099
   0.551995266513940,   0.265507910047737,   0.084211647445608,   0.824858989338409,   0.827961131278939,  20.289319554926941
   0.797864448802678,   0.500297356256766,   0.339585091152795,   0.011114367213721,   0.457013943665533,  12.413342260764306
   0.342103127401846,   0.279918866662357,   0.510050923744000,   0.483687324439702,   0.094738971595206,   8.275837583488679
   0.006609181484858,   0.372003106586320,   0.356399554791160,   0.337397965441162,   0.035196267666240,   4.039622311341615
   0.005751259239439,   0.905936928495842,   0.218727590409190,   0.834004980634860,   0.219023797066548,  11.181130565305441
   0.069970111250674,   0.268632942589734,   0.088190090930934,   0.121511366838452,   0.983954947303213,  10.116795768843950
   0.925070336946417,   0.947985816532659,   0.266108745449880,   0.246628417873554,   0.657391623215351,  10.617406155787702
   0.869772373151605,   0.548429449236355,   0.569194940967048,   0.717523576786053,   0.222086040600375,  18.355350937931114
   0.382069368368816,   0.130973064774954,   0.731185470803499,   0.805303426193750,   0.654443028160903,  13.959794347570863
   0.467226159413983,   0.141030812151613,   0.888557619613412,   0.886486069603988,   0.025049270404309,  14.064992744736486
   0.188212920442639,   0.942627901028855,   0.288592396931845,   0.665053303783072,   0.453409384579253,  15.100960790611019
   0.645618283791855,   0.214262914460694,   0.948738602132931,   0.948075326860493,   0.700476866533408,  21.220785972144594
   0.803258144528331,   0.126862430362495,   0.492508711833779,   0.292129921350221,   0.197415366989237,   7.056479625640649
   0.069588111873516,   0.602587355556689,   0.917269292926247,   0.292429281412524,   0.040591284130079,   7.923076875801963
   0.665588728597256,   0.471894891869244,   0.010795612324978,   0.334667316477202,   0.701239119572958,  19.981595152820290
   0.006721130602793,   0.712908158041604,   0.278178952034213,   0.070392909119241,   0.527177854759583,   4.474435172811997
   0.505467163465534,   0.562215625790467,   0.974133687193683,   0.457530578924620,   0.497606457802799,  19.347594726569866
   0.198359861386705,   0.156972277539695,   0.285721252296941,   0.897148937078840,   0.168369321723852,  11.708282025313993
   0.173683174943100,   0.120981168679916,   0.382293590217936,   0.341866464256366,   0.729239371099122,   8.001601960931463
   0.757524590305800,   0.810845768070665,   0.788424403527999,   0.956724602519832,   0.456214468417201,  22.874992797383239
   0.614107667437808,   0.430810532158975,   0.039928764827890,   0.919815211380049,   0.421641002130672,  22.926754563689705
   0.281990832147518,   0.399875352514954,   0.940787151078544,   0.525829336487287,   0.066634117151702,  12.946197765560727
   0.112627920976863,   0.456133986822983,   0.939135953219315,   0.945851242356712,   0.894678470033012,  19.395658567286905
   0.746296856645249,   0.978282970896203,   0.673717766975451,   0.527485253603320,   0.137604599247038,  14.065683629406967
   0.727804309776162,   0.971838417141781,   0.344225824836537,   0.599126299267150,   0.072268405549800,  14.791014814618983
   0.325506957537175,   0.199885756825385,   0.498571561162060,   0.963657464256699,   0.114443032365886,  12.238678662622409
   0.704190453607538,   0.865402292726141,   0.477937963499975,   0.183332841573163,   0.711047705841404,  14.813392602852653
   0.975636738490486,   0.065421267394050,   0.010649123719953,   0.392845061971776,   0.362649545472327,  12.522770058143848
   0.041591386753929,   0.711481610474085,   0.274579257381878,   0.570799593490378,   0.793658524142241,  11.620884904142660
   0.524756521426916,   0.532863142569980,   0.354718149241165,   0.321501304292778,   0.645502374594721,  14.562246943300590
   0.391002973105762,   0.378425377923386,   0.274207684392767,   0.451273076571098,   0.588798904585788,  12.959230565374490
   0.899465235842978,   0.091622727987150,   0.522527340075351,   0.496193632940483,   0.390620942359674,   9.485395590951555
   0.297005611634780,   0.218089824968522,   0.521217833457776,   0.275128118379662,   0.473744619237287,   7.149925151111870
   0.607093656267984,   0.936574557273615,   0.247575452837397,   0.341334782640309,   0.237981045644375,  15.646361170945125
   0.434412377097235,   0.874586851176461,   0.475218798130383,   0.943365072756165,   0.217410281777132,  19.829955037648379
   0.616109108575872,   0.979658739773592,   0.529705652966314,   0.551902826945128,   0.275739832214688,  16.390618917706760
   0.615816671726297,   0.252082294265889,   0.473371982794252,   0.487214648399174,   0.994945544187353,  14.546917771974773
   0.664130381251087,   0.527624616680440,   0.958244094210244,   0.151166221231921,   0.716158478236135,  18.208134966108474
   0.599088377149294,   0.886773170169065,   0.296056881053379,   0.100277377325948,   0.808716936835129,  15.830044703637233
   0.064236209640405,   0.111852026200621,   0.634875831060540,   0.137421020826709,   0.555611145860300,   4.741798434222058
   0.939352220530201,   0.075044549858462,   0.683304235205802,   0.770563448797839,   0.171398096059648,  11.431186770077000
   0.564061640751988,   0.959359137151301,   0.453274255997889,   0.235994891643010,   0.532692692649645,  14.983682331774411
   0.899326258628775,   0.599774961427957,   0.712399231805480,   0.287861012389566,   0.247547615355969,  14.942134442023825
   0.631582678369218,   0.841982975180857,   0.117130113423147,   0.660009341117609,   0.722562124426943,  23.094886645363026
   0.849425988470516,   0.598704222968536,   0.389095886287541,   0.775076669305068,   0.730014685910713,  21.643223166641036
   0.119734199036737,   0.544806401938377,   0.551819162723570,   0.294625799618382,   0.165437016839451,   5.862155780965853
   0.970805757416767,   0.700817553210854,   0.426327862940538,   0.525033770052999,   0.301483355220672,  15.303558473810325
   0.290291733069390,   0.576798170174233,   0.812799994844117,   0.862149425116456,   0.597923081500905,  18.589004638318407
   0.763268110653998,   0.680291507138546,   0.194732520133714,   0.380276834430383,   0.603190912271892,  18.664216483926225
   0.665860432183880,   0.123982940127922,   0.823902714506584,   0.269732000809488,   0.962633010556508,  12.173318433250550
   0.905824790045154,   0.730325112589876,   0.248880172044052,   0.524095035773065,   0.085744134664602,  15.670450584943167
   0.691026282491246,   0.425699386017730,   0.567462642062513,   0.154202009175339,   0.310806077918506,  11.168227828464643
   0.268254805860681,   0.678777492996138,   0.939703640061859,   0.324808020227353,   0.779672888838845,  16.426696990289152
   0.737973681701840,   0.719472118922450,   0.511777106327556,   0.624200102806282,   0.905093730489763,  20.723005781882833
   0.307515545006887,   0.646943320100715,   0.279567688814113,   0.319804036806568,   0.208693912242547,  11.064327646337471
   0.875829256837677,   0.915860919976664,   0.365122414697198,   0.303865374204789,   0.360786082360244,  11.029809701972182
   0.420228752838147,   0.367922811822825,   0.526559233963862,   0.538208710616790,   0.053419373361549,  10.331806843059466
   0.984899207131092,   0.348583002594880,   0.007426960120667,   0.855807444180288,   0.958655133141718,  27.016737648633466
   0.410472290942528,   0.947196409482119,   0.765873365654655,   0.223862762848192,   0.916914877466434,  17.632922893190127
   0.883503494497408,   0.791272785955924,   0.842672558133594,   0.551381780251719,   0.780440605475915,  19.871409446875084
   0.580389838528696,   0.286024621908341,   0.292928621928409,   0.557351900880239,   0.528858089938386,  14.057389181964059
   0.451118632516051,   0.145228427866952,   0.096421504218132,   0.222536524732138,   0.383485503161873,   9.444025826107353
   0.754557798459128,   0.862894757635854,   0.622503682267737,   0.580576414932973,   0.193948727916610,  15.969917130196269
   0.856549743735314,   0.246650478850623,   0.691418094307124,   0.504869246037502,   0.682853251603214,  15.356284424146262
   0.652424456646834,   0.455464023346746,   0.599686013109949,   0.314696289985377,   0.727929790277654,  15.022686350794578
   0.283503303571487,   0.583629082696199,   0.426499787204263,   0.332821549603483,   0.195021986847171,   9.378526516612553
   0.755488166035046,   0.057664663153821,   0.506186790281852,   0.218907332259533,   0.108069399121647,   4.094550980855441
   0.824866451050432,   0.607723084099749,   0.232992656476837,   0.222074159412804,   0.528832281381775,  16.290679262165192
   0.793103032704641,   0.821661804406733,   0.149434874956776,   0.569144742689387,   0.687765718151870,  20.474426966095550
   0.333527749484709,   0.016313646880076,   0.319325520998351,   0.870246339434087,   0.363954881169274,  11.346030573800718
   0.738392744346023,   0.550023304635595,   0.543166763296753,   0.261997641405212,   0.634933903342758,  15.400251026645449
   0.362182093867335,   0.922181445963134,   0.147811153890563,   0.322786318134909,   0.429921635015681,  16.528880581973922
   0.808945813913410,   0.898629384438611,   0.365764015505445,   0.343422919777245,   0.203874569481535,  12.378273931185156
   0.297300059569955,   0.122148721783534,   0.198668919023785,   0.985462998398144,   0.597521544359967,  15.796636654344681
   0.705218244532400,   0.460585949719327,   0.681199837184380,   0.036005436358276,   0.614841602980719,  12.614270710937330
   0.735955613118834,   0.017967099847085,   0.614536353927179,   0.357543444539402,   0.374991674497275,   6.128057296906656
   0.544618472788257,   0.922178304697946,   0.005757022424666,   0.135329670188390,   0.195075707820021,  17.213951080182508
   0.643340385259835,   0.032464718275591,   0.072233804857831,   0.125261347371376,   0.202033821864545,   6.578138998071456
   0.946766879062125,   0.417758840499745,   0.455202208850717,   0.706801276127233,   0.412742115070876,  18.637995112339876
   0.350060843440442,   0.901728044322233,   0.824046234142868,   0.434672358870076,   0.385865843505301,  16.745605896171064
   0.028205552584403,   0.382193914186171,   0.584917008820604,   0.650166512148855,   0.994370075598838,  11.956332124784598
   0.762909358208789,   0.874865541083591,   0.351068748707571,   0.918872884432725,   0.091023092685675,  18.735486626366576
   0.394599579239909,   0.485694146746715,   0.675541801628374,   0.458106569181574,   0.046708915900813,  11.094661447651751
   0.919260675581775,   0.112363912998027,   0.871526953503448,   0.490765923408323,   0.409305481329932,  12.903186407842371
   0.563960324498708,   0.484767373084225,   0.805554942756167,   0.651513549207743,   0.408823469614839,  17.997634053209776
   0.220574757104447,   0.889455611737369,   0.719209869879280,   0.861919701183386,   0.270106120561086,  16.711423023307336
   0.319053079655618,   0.826765805316811,   0.712398884290572,   0.151871482866734,   0.014977960815923,   9.866378409205376
   0.325094217862869,   0.641803258574225,   0.430812035711238,   0.648127444029056,   0.558579495646266,  15.465328799826853
   0.211413587238137,   0.550485215379512,   0.656959496463168,   0.565996079922079,   0.527660404902077,  12.366260394060772
   0.406315462544207,   0.106452479669526,   0.552134018414736,   0.421791758506026,   0.575044320152061,   8.502162568936457
   0.996795160730977,   0.982639857071916,   0.608721494162597,   0.140434517525283,   0.130862394314495,   2.938938789861086
   0.446854095772337,   0.599365494505943,   0.165721081357161,   0.713894929938205,   0.881192643721244,  21.235591359547023
   0.606973900638577,   0.319435190453658,   0.892484554880946,   0.074520803702107,   0.728853964817627,  13.191817428478132
   0.581638556477452,   0.496246837490095,   0.165822855509602,   0.122456390761477,   0.745475025213621,  15.060645788107752
   0.724411982756866,   0.872665463199740,   0.275068394314716,   0.634468246488547,   0.690090447687261,  19.957286500555846
   0.034156271159132,   0.247123669884174,   0.888579341657606,   0.309266495171344,   0.558832712951604,   9.171851812580556
   0.964446896548287,   0.694914639310972,   0.104197497711680,   0.117659551029606,   0.978193668401024,  17.804844085067796
   0.955404013880645,   0.778529903706926,   0.631407675783821,   0.448281612990076,   0.947299180847114,  16.771888022812796
   0.740266598133917,   0.782249469721109,   0.016366561864897,   0.434631104408218,   0.228807672911249,  19.861407284268374
   0.938020603077144,   0.398057150690693,   0.889432930761327,   0.772032684603842,   0.376455835251642,  21.855036405883684
   0.859408272130377,   0.484425269264409,   0.934269481694086,   0.525218883578356,   0.517994669490073,  21.270388130949048
   0.507317914033073,   0.857376731232913,   0.693619398248756,   0.826747006582455,   0.608497347825575,  21.851715844618532
   0.223921340867766,   0.787210028765206,   0.695860194523154,   0.673722181134251,   0.193560833061133,  13.731296599832747
   0.736955549513395,   0.764363925730008,   0.546868432910203,   0.862762827712153,   0.909720174529637,  23.023066945242164
   0.986043913954716,   0.912090700675545,   0.851033385906966,   0.516660857271915,   0.477845600566218,  13.129566824925185
   0.609342526573480,   0.321966873753122,   0.094916260053102,   0.392738748525640,   0.967214309620190,  17.825866022413337
   0.972621040678916,   0.584828707968061,   0.174235332818959,   0.247649406317152,   0.263881268723245,  15.685562256535926
   0.447449234791979,   0.718002412896724,   0.640835095494568,   0.555551950440297,   0.807763252453966,  18.455610598154898
   0.736600353964634,   0.130505879559958,   0.035473308073860,   0.343842129428752,   0.443453905596416,  12.945727382887830
   0.089912891153494,   0.444266200143589,   0.261555257435125,   0.505872589507219,   0.644547150970096,  10.670205677912367
   0.924603035523977,   0.450038461350500,   0.243849988455816,   0.765188542315918,   0.283912035879626,  20.038394239895410
   0.764990950083975,   0.971515585371684,   0.280082170257026,   0.565697239080121,   0.694517306775201,  17.317323144082817
   0.787663763104724,   0.133376656321086,   0.469561158333393,   0.054621806087829,   0.599035749961643,   6.800764626769991
   0.805877161925826,   0.433658521490314,   0.800755314355521,   0.755590184524284,   0.437756961368988,  20.456334264653464
   0.432876536527138,   0.404807473378001,   0.607978794649662,   0.796547848699867,   0.094619459902124,  13.902953728031955
   0.757885097122106,   0.023859520634942,   0.676103184726481,   0.696564951539575,   0.838829048865146,  12.347823019009628
   0.468581613699369,   0.193991608931402,   0.434117659956924,   0.504266520636874,   0.781188779242190,  11.852497458007079
   0.196340986633720,   0.232257174576773,   0.604808564675344,   0.956878277007978,   0.993782248397599,  16.185111866036983
   0.091961219795692,   0.346173760014794,   0.315054846958377,   0.223387744129724,   0.752148840913713,   7.677161681199637
   0.338079926456931,   0.215912657850075,   0.942300987464795,   0.595827168940269,   0.333944475409704,  13.813779027100288
   0.361165986374943,   0.470547573309805,   0.398677753315794,   0.510860485686013,   0.012950509278782,  10.467629235012787
   0.115884318793152,   0.667217735880348,   0.640035417466058,   0.202896675466338,   0.437512466358896,   7.013991807933770
   0.457890525664420,   0.224945052829578,   0.151554285096209,   0.403164494696347,   0.009130589895001,   9.685258769310321
   0.490381717776085,   0.266106584114068,   0.760653219341788,   0.881740018142004,   0.196504013353541,  15.144433792222520
   0.234471029562243,   0.797697073078720,   0.284716814937469,   0.148342762057211,   0.386131046638966,   9.884618286343118
   0.997498718492399,   0.571258839057905,   0.042200577176149,   0.149305640454193,   0.008965617450264,  15.489822263558352
   0.648342320076239,   0.188013782875185,   0.425330021410865,   0.227557849326742,   0.673381383160166,   9.490596834922250
   0.431927922122510,   0.323921024465863,   0.803628061130455,   0.311655693042110,   0.559919820357739,  12.015205640350784
   0.669091140359315,   0.674990279185284,   0.302992498415358,   0.024629716311013,   0.477792638090632,  13.296264104061001
   0.525374656755949,   0.678415225391410,   0.894919186351571,   0.338139559585184,   0.295531413935072,  16.978117897658368
   0.311025166100380,   0.909407486571280,   0.230369049941531,   0.664815168125835,   0.154279430355680,  16.635433204114602
   0.357019058523833,   0.789546744914438,   0.052332911266052,   0.607344753667212,   0.128466277461132,  18.466605017274347
   0.922976999444076,   0.153868818139499,   0.109521277576441,   0.624269097586643,   0.019952666031935,  13.706979984906782
   0.959412206741782,   0.970932707989632,   0.420871019332072,   0.815029625750835,   0.213008589569354,  11.475228651468772
   0.240183005361189,   0.311554414991645,   0.131838314086995,   0.507096685454976,   0.697305248193861,  13.597616111117730
   0.398825131508376,   0.443937074189229,   0.386338548548138,   0.792069663749005,   0.830007917307218,  17.608990960489738
   0.386254324341877,   0.591730584929906,   0.077867539480685,   0.569027828515305,   0.232518290180205,  16.995867340219714
   0.294154942240876,   0.664429554972893,   0.749076599911847,   0.683684487181757,   0.717011422128980,  17.424175832096058
   0.352951247304889,   0.561700314490352,   0.107711638143817,   0.098914937916801,   0.696012887779933,  13.380375005769917
   0.281030316835998,   0.935651434552802,   0.891677562555536,   0.237890873344286,   0.901641691257635,  17.308081275635864
   0.280241472324565,   0.994323621882209,   0.465065441627342,   0.109318036894565,   0.828038654748321,  12.935825620114674
   0.934192547114320,   0.510795124939888,   0.553681194309170,   0.059367566795820,   0.095491555357117,  11.103082008565819
   0.002830205258745,   0.826017165577856,   0.714575610898742,   0.190064882058459,   0.708052228780987,   6.435207254252884
   0.841174516791425,   0.951185225473317,   0.560709439028269,   0.960177735214443,   0.127152392958378,  16.186237964952053
   0.398376661707132,   0.652367404166218,   0.383102562607802,   0.035129548839181,   0.655480768183650,  11.189275629243683
   0.292112322179313,   0.996988771525571,   0.921329922686305,   0.040197204784605,   0.340826605415840,  13.581709755092016
   0.364494298399229,   0.322848267821538,   0.794696424659087,   0.723345551859511,   0.531251056076378,  15.239905253488605
   0.934585938928166,   0.213164078713594,   0.900733266964123,   0.897976976200512,   0.697205208728109,  21.535553067514940
   0.336902792677135,   0.111642543323095,   0.570916091281553,   0.055466661462209,   0.818793165906736,   5.928103738731122
   0.192108030760754,   0.679301215365947,   0.305352158133317,   0.946658599832093,   0.410276729758586,  16.261592841762337
   0.490957234548143,   0.766108726671469,   0.115373447703588,   0.865215887410084,   0.003291670920640,  20.879650998730845
   0.700097280427934,   0.316137282041897,   0.800956416910377,   0.570217310893782,   0.893851188347549,  18.389227053159857
   0.319910263264643,   0.066716690255696,   0.789602719271319,   0.543642626092465,   0.600889195876178,  10.788285850459378
   0.460241524322631,   0.516108996887933,   0.908703435181697,   0.327151556761653,   0.344704947472164,  15.124620296856236
   0.188209769156766,   0.243667827029778,   0.296022137396321,   0.732558609255809,   0.780617588626156,  13.496589397561849
   0.110224541950331,   0.064341331561685,   0.523674767808660,   0.237058280198831,   0.790472504596030,   6.556938340937830
   0.273518079607168,   0.874238960521214,   0.064964305437189,   0.085808873934930,   0.863594850969367,  15.786479662560057
   0.199673650175337,   0.678608932030479,   0.385779253018708,   0.434960498019293,   0.818549924049973,  12.832746201210751
   0.051320301189878,   0.822301602746001,   0.252394142748693,   0.800328350410252,   0.226380175994546,  11.683253346325884
   0.917838712497677,   0.941252122149706,   0.913836362065573,   0.207378166622997,   0.731400968095302,  13.302107808112503
   0.789707380234793,   0.937087601531211,   0.774583855803820,   0.346410294692858,   0.025059395712656,  12.386474523185955
   0.552875531090525,   0.533646443835282,   0.241400522663985,   0.401657096822811,   0.204332652712925,  14.373310208776356
   0.240404685558915,   0.931733605502505,   0.030465302171862,   0.325059871438343,   0.733196032579090,  17.796230451952191
   0.059614124125991,   0.002659339024888,   0.309891582850695,   0.589994718615005,   0.194931610475368,   7.602409941476465
   0.488039007139444,   0.621951255941981,   0.782753171165503,   0.079906930312967,   0.966870943000275,  15.387384307980728
   0.022394588263576,   0.953293812919953,   0.534338734315275,   0.279273977130148,   0.511596213080506,   6.044487862647644
   0.346062046510596,   0.571958090747084,   0.530812347174971,   0.886676344361878,   0.014063726246023,  14.781263822356253
   0.177115097932726,   0.865953983033255,   0.793402640336431,   0.123626932361805,   0.592223537890352,  10.553168473260406
   0.981100909192253,   0.845646542129539,   0.595548438905286,   0.370143754478690,   0.629728649985760,  12.132151996483881
   0.225670734439695,   0.547442919631307,   0.521684365948194,   0.549071426598574,   0.415877500741589,  11.363978078750218
   0.481305881591480,   0.470661365056151,   0.637690155917989,   0.944050646643947,   0.847766484986754,  20.589515305225433
   0.714938012000152,   0.845480126783811,   0.378108545716559,   0.575561019180982,   0.838374368068705,  19.710908114509898
   0.040843514188912,   0.795022702679266,   0.100725176670558,   0.947541198829348,   0.099008429009229,  14.177216344544108
   0.302075164606707,   0.121137979295088,   0.511875596334449,   0.979320756565652,   0.586170316085618,  13.873945226070932
   0.808530048250286,   0.499328182372402,   0.512265514880611,   0.546949089044309,   0.955847309117992,  19.797782345683011
   0.811197912132678,   0.216564075348593,   0.131994572156394,   0.342859887975044,   0.719197762186638,  14.976237815625961
   0.420650965631556,   0.206312885346964,   0.966823718945129,   0.561169751292710,   0.723921047284466,  16.282590683085189
   0.225105767236838,   0.976536974731789,   0.418655668590652,   0.522537689664560,   0.022354070900264,  11.839466396531988
   0.180078545143996,   0.664697877716532,   0.625985504029844,   0.853270337547517,   0.998703638150778,  17.516085963935019
   0.784806176906595,   0.644972372936252,   0.335565137388024,   0.822182650916272,   0.599218443533811,  21.756811582825232
   0.030516572508366,   0.467195420209822,   0.732788530512771,   0.015224045500493,   0.817003256843155,   5.768820230531145
   0.125554482889160,   0.478579436857501,   0.341439023119480,   0.589240185341482,   0.650973514499598,  11.526623435277687
   0.375419908681817,   0.575067963558366,   0.491498946118623,   0.053138267506688,   0.092175169514858,   7.267974951621389
   0.734279389918053,   0.341741437688609,   0.955867511326492,   0.522618440181353,   0.955898030461663,  21.253757147629766
   0.352434177938157,   0.790574525166673,   0.471779868260081,   0.303126813260476,   0.231445449588932,  11.881958503363728
   0.897422730836950,   0.909657610247300,   0.118571094969022,   0.858629234727621,   0.917716819214932,  21.539435718817668
   0.797861697561142,   0.712233275221856,   0.636937104457436,   0.968222763307218,   0.358650721988099,  21.621438523576767
   0.789528791928220,   0.334695479511985,   0.079865429794554,   0.466724259987060,   0.573607388677211,  18.446010044366343
   0.591771633653605,   0.915741914383509,   0.741156302889101,   0.636839435005056,   0.149327770096451,  18.191607987150519
   0.814535659012962,   0.295704121224710,   0.138994978796068,   0.736493806107416,   0.591720367840578,  19.795208946500111
   0.951100621526065,   0.344900317075449,   0.923080964359700,   0.066936353199196,   0.146178827814674,  13.556038365081596
   0.531452002506127,   0.393313992706171,   0.235546188233223,   0.734907705093636,   0.036644792590840,  15.035918772024051
   0.115488141976231,   0.464921609484680,   0.782246599298868,   0.085617657239000,   0.966273860377381,   8.959634078099622
   0.918037891787526,   0.221712790207111,   0.468778484039253,   0.559318758182395,   0.284891018595386,  13.004616939097700
   0.956755719478865,   0.491288525335193,   0.297351582082846,   0.416257347276539,   0.555065404077110,  17.714975118023869
   0.041500456218587,   0.143984359748950,   0.651814978245362,   0.235215558546135,   0.324316331357561,   4.622405218708316
   0.864593736433643,   0.164161027021182,   0.220109647436085,   0.051175741492839,   0.400228097400958,   8.392320121523818
   0.245435410605091,   0.999484406392398,   0.277518008287176,   0.972997548251855,   0.236648038528806,  18.869273292479665
   0.148287650236705,   0.778950436697220,   0.534593758815019,   0.370500712256223,   0.420878520953458,   9.383028680952114
   0.201238833318557,   0.638110645736831,   0.050987306921782,   0.722357012757030,   0.545124414151869,  17.907102995970707
   0.265149859202168,   0.886960626669462,   0.105359019860668,   0.410441312131758,   0.385888775830987,  15.882935236018170
   0.899289328622435,   0.552854322206494,   0.032452384922555,   0.362840845570585,   0.059662111258461,  18.298340910418528
   0.357668949985567,   0.050959315366992,   0.258761125587166,   0.281629492236613,   0.535194055911222,   7.228480659895933
   0.404612652941699,   0.310707986870942,   0.681744419269178,   0.633969618544600,   0.863735964262224,  15.166613976717240
   0.710964868380455,   0.558556803919678,   0.262357784891781,   0.020922983920787,   0.038161447072269,  11.011673362182053
   0.212365252329935,   0.388354758996170,   0.937138525591678,   0.253895206499859,   0.163301159166638,   9.739335207196586
   0.970966598192904,   0.509904712085007,   0.055246130796287,   0.040362470771254,   0.458633795959286,  16.651729162889325
   0.866563278475834,   0.312123418906399,   0.768910957363669,   0.529796776469040,   0.098573703890071,  14.748062790421677
   0.449840431275037,   0.257447998776490,   0.249273813686510,   0.179441913053682,   0.266531898014286,   7.942907381126671
   0.650380213864543,   0.940903614471672,   0.623037534038701,   0.528109503732184,   0.389020674162318,  16.916896023054733
   0.840214849834781,   0.783902314872370,   0.001906338956285,   0.326729337082561,   0.711247713939725,  20.568952245060803
   0.584450057243643,   0.543664582897634,   0.850648618483200,   0.953865194551011,   0.018677632647279,  20.496233888962358
   0.042074276518415,   0.231569248451873,   0.561938090668327,   0.213043854592436,   0.706078782904691,   6.043599992034741
   0.792646399123326,   0.820825001042316,   0.316789499123369,   0.328069400430901,   0.762663203662588,  16.666480348617931
   0.867989539200695,   0.113479655595364,   0.213350831797454,   0.484892360699303,   0.083157994748072,   9.953361493049707
   0.034471654546706,   0.996256427714050,   0.297314075584326,   0.083904988352848,   0.773172533497987,   6.603357140232570
   0.221775724267198,   0.358500471416197,   0.354182787646798,   0.626955285122566,   0.535191850003169,  11.842650637720372
   0.816220395002078,   0.868504731513461,   0.484993599624628,   0.315026008674753,   0.889605842206936,  15.525643834192932
   0.754431370359251,   0.349405651732618,   0.172859778683052,   0.271960340951329,   0.731749387028725,  15.885458614404138
   0.274214403999575,   0.159625110965795,   0.567708689943517,   0.698996467688074,   0.786650436179916,  12.385698823133879
   0.260629964868738,   0.228480435718857,   0.631464213581974,   0.255718677405413,   0.983548251062824,   9.680473775876351
   0.724743169173212,   0.632559198916020,   0.221273486798458,   0.941941388148595,   0.673149638319163,  24.253829011212336
   0.972387184504542,   0.267013974778918,   0.652778949548385,   0.489004672122501,   0.235760324053724,  13.817636882775771
   0.892985283006288,   0.401224134662756,   0.296948277616788,   0.928571223508382,   0.794289954634821,  23.106991489095606
   0.863195527371630,   0.868087901770063,   0.784762007823075,   0.911150343453967,   0.447012037553261,  20.054296435157863
   0.940972794789039,   0.014771964480758,   0.672619910825151,   0.365501073926701,   0.655113215954389,   7.963072622517295
   0.260760969305176,   0.944836619906185,   0.633826232841073,   0.738388856874279,   0.842199587211319,  18.943193475082989
   0.784403116798380,   0.771726522882863,   0.612782744357786,   0.590213272527538,   0.220903087991565,  16.718387534482233
   0.637621368749574,   0.655640992838506,   0.643998459860896,   0.842280301815218,   0.401516567359476,  20.515517592465592
   0.327096817921175,   0.606991780337054,   0.802128139019788,   0.692345722122282,   0.827683657521713,  18.728316731273452
   0.967775721856930,   0.857774151012896,   0.784670547155374,   0.454556255220907,   0.713013618549752,  14.818194361512894
   0.733716879226468,   0.706316795744026,   0.348902767042623,   0.714216823070452,   0.811577771387966,  21.640257284861221
   0.003721138429294,   0.168286823810446,   0.689587128451103,   0.502383075639424,   0.648756925857136,   9.006154194979544
   0.694536707452388,   0.762153360326476,   0.407681973806570,   0.763104916962490,   0.951614404037772,  22.517113003677576
   0.301275249470207,   0.001407482849090,   0.516267622826160,   0.651917569552124,   0.385455907414589,   8.465069541226123
   0.154473822943087,   0.522480858754711,   0.690343979598225,   0.624314751248418,   0.788247181685023,  13.417485556978594
   0.369402161736156,   0.933206160248844,   0.890620178863418,   0.114685233713299,   0.257374133641238,  14.319065532030404
   0.069719563906305,   0.963581151291348,   0.138789874368474,   0.470874415922399,   0.999850298987049,  14.412353439804843
   0.402804978373077,   0.037381173195090,   0.237148916144922,   0.410428398631319,   0.481646438747146,   8.367193370498679
   0.565410287943172,   0.701366647405861,   0.142018623326104,   0.564074676767663,   0.987195719476025,  22.616352589176000
   0.443908178412805,   0.082512913572354,   0.167139098171421,   0.988920204149788,   0.272364008787235,  14.615119387133637
   0.471047207833073,   0.773457659456164,   0.116411996380981,   0.078669528844423,   0.888985589790800,  17.279834981575426
   0.781033462171696,   0.339646247319925,   0.183456821411953,   0.400998712526519,   0.269503336647169,  14.763619870250562
   0.362607092033067,   0.306593699981341,   0.310691830999123,   0.496792178417998,   0.022793418415902,   9.220670418755050
   0.375286927726959,   0.667191258117869,   0.473806759571207,   0.098313710050837,   0.492887658603488,  10.540982353643145
   0.161896444016000,   0.701451681777427,   0.505047287717777,   0.492672270034519,   0.526102471782751,  11.050213046043037
   0.207590038525381,   0.062497869793063,   0.033378275660974,   0.333351059223252,   0.835227513801047,  12.271840185066489
   0.518093219305247,   0.306932451654948,   0.319787717658411,   0.779311913383977,   0.740579960468909,  16.936072411006247
   0.681974075988923,   0.210588069588710,   0.086527762424915,   0.270588205144321,   0.958438333565065,  15.277552672310211
   0.568874007678003,   0.911699906705951,   0.914300884747589,   0.060076276580579,   0.272393006850393,  15.378486835022567
   0.185476447461398,   0.659812690477774,   0.271129437751903,   0.482486534295965,   0.529031048383610,  12.268308214381474
   0.815226598936019,   0.510534909409618,   0.068281898165730,   0.915197903935704,   0.424358533039598,  24.656848881774796
   0.991837667215351,   0.393874625190186,   0.730947909814182,   0.285592158546376,   0.668879280404516,  16.682864467049811
   0.994422878323036,   0.776568010616160,   0.055903303272599,   0.762723703629962,   0.198629532040597,  19.125062207583916
   0.160995693114219,   0.788421472758536,   0.683386617095631,   0.610642786935351,   0.600165464512451,  13.662720463716148
   0.923090604858163,   0.662284453851321,   0.122887911444089,   0.406187172949145,   0.696170590688232,  19.781367494730954
   0.675414014677936,   0.820068839955811,   0.974378999945110,   0.266587613911721,   0.176368161416673,  17.905475706198583
   0.571699489072120,   0.294160449892685,   0.890859309384125,   0.626250518995644,   0.777212579828001,  18.244870757115251
   0.556188730237005,   0.126259455753283,   0.562781789758199,   0.487174684249376,   0.899088339840030,  11.634321815026514
   0.300664955489750,   0.734222899411500,   0.480515874338057,   0.640824701087503,   0.038638216267362,  13.001530791704171
   0.661100853188587,   0.572803547105755,   0.514607452893834,   0.506982077082094,   0.246277107055025,  15.587903728476427
   0.377397137155457,   0.566878897954380,   0.433719566917905,   0.678458867796493,   0.954680709304261,  17.872219529306626
   0.796576083153934,   0.703383149079076,   0.579868971592450,   0.690611057080961,   0.575583901772465,  19.732723934483179
   0.577624880459126,   0.943602053966094,   0.970741898780096,   0.356633448123521,   0.902110904504030,  22.408871594968204
   0.135066986850964,   0.793024641664689,   0.373752967061093,   0.182831608374178,   0.659900629047078,   8.748444749770851
   0.370456957708551,   0.815312747098569,   0.551005494283403,   0.214454684705855,   0.767455277677935,  14.161496772135500
   0.599643523926956,   0.319201300403837,   0.489972821939529,   0.464671600844563,   0.822231730643974,  14.417222893132598
   0.371741067350690,   0.220914962598642,   0.819644126646692,   0.659191190336202,   0.665499262429233,  14.514304264891983
   0.025791708821800,   0.380059772003601,   0.323198622746902,   0.019288623585115,   0.900476837956824,   5.628347488935120
   0.334723363469787,   0.763551867801128,   0.410712963481143,   0.525486263653720,   0.297898833351945,  14.097702269725271
   0.257103746721614,   0.915035701815897,   0.863012036087639,   0.961965495052176,   0.294074487177789,  20.461725726534482
   0.079777153247961,   0.805065434244023,   0.747841957287257,   0.146401359168342,   0.050532560859234,   4.949240105449229
   0.366642724517929,   0.161464366461253,   0.789084099482522,   0.646157577352134,   0.060264444705973,  10.283401836581646
   0.490436308716084,   0.851348132982365,   0.443873852296243,   0.959309470547574,   0.892499484742252,  23.784853927725148
   0.638585088154191,   0.026829015374520,   0.656577789214097,   0.776837563984595,   0.735393209733749,  12.473650720396151
   0.562110881109721,   0.349760992886226,   0.628108541391280,   0.755709651829327,   0.246619023062608,  14.909646223125039
   0.079603594196122,   0.148961483182018,   0.904201660762161,   0.239126499469740,   0.280592026439107,   7.434244577382183
   0.268687474209005,   0.600084682736417,   0.649664018555718,   0.438601336772688,   0.936770901404156,  14.369360702806258
   0.580715295559441,   0.797955417282193,   0.991511631596460,   0.441923583601210,   0.636092862167126,  22.365287609911437
   0.991112019164400,   0.332261591461582,   0.107452970985569,   0.696921913465952,   0.985332623565701,  23.574086453528693
   0.002727801636119,   0.180281005463017,   0.814826817074630,   0.709212466070382,   0.560115861052222,  11.890471890811746
   0.630922190039081,   0.308724649976577,   0.243851913071541,   0.976877063930058,   0.544529832943209,  19.548084843963231
   0.122320486877246,   0.947483940609613,   0.767891834543688,   0.710376922388367,   0.897322443900638,  16.586788507673489
   0.258872271572423,   0.956998286098681,   0.106294733580902,   0.241632988167345,   0.623012715051810,  15.652162787707327
   0.630558756976564,   0.319475959610667,   0.934444136126030,   0.826250059064392,   0.899398456485222,  22.448930215256208
   0.320122106799817,   0.566512485429766,   0.043169712403219,   0.353719486606448,   0.887575244549827,  17.543062056249774
   0.129607910739996,   0.900166278710557,   0.500335659603724,   0.617105859773737,   0.674862237690598,  13.129110311869368
   0.273049946412066,   0.726143487491826,   0.342988487601644,   0.418343633468572,   0.554849481304764,  13.284620040782201
   0.410677320420198,   0.923703793209172,   0.426473025449651,   0.243700073410062,   0.878788701544857,  16.229229367403583
   0.056595027533773,   0.208328294279116,   0.370980456478817,   0.268016811939658,   0.377788022575311,   5.272349021009382
   0.842450146748818,   0.564052751546701,   0.630463612053926,   0.103401655121734,   0.109716630204040,  11.892645674894156
   0.286199551231365,   0.493545584061636,   0.519824542202792,   0.580922847769259,   0.473485770702821,  12.477881682978863
   0.280492656885067,   0.434608184484963,   0.765010124242414,   0.017968237462300,   0.485642227119085,   7.749307391280660
   0.700242668885301,   0.015137137522008,   0.296657008686324,   0.560293289331670,   0.064340780978087,   7.084541142174229
   0.233984116872628,   0.801724393554748,   0.422441741601703,   0.245665177574116,   0.581633899119483,  11.043200192660947
   0.370574297189003,   0.971761891984989,   0.432013957486111,   0.602257774262410,   0.715803412123794,  18.743777949504850
   0.269713746878784,   0.134805770519279,   0.290282925556657,   0.019273470273565,   0.923650411018820,   6.830380223686722
   0.244465750141700,   0.077724578055119,   0.924786704691794,   0.616351380212718,   0.217039550355672,  11.454165932099244
   0.585985910635899,   0.162231803792893,   0.655145465160880,   0.513073711464113,   0.898183192890998,  13.045426892601391
   0.895620733443502,   0.972353510518514,   0.880670850296462,   0.407244505866521,   0.449649283014034,  13.165567256059546
   0.613038026921231,   0.269043169331751,   0.366060394297297,   0.888036122705542,   0.711917363692362,  17.751521557840032
   0.670918932765222,   0.561074174857910,   0.694941010569365,   0.848122757751592,   0.364292268104546,  20.318685740378399
   0.043042075792217,   0.764085849320315,   0.265990192270502,   0.814364988953698,   0.428418041272029,  12.412316627550247
   0.353932540040817,   0.750203886491849,   0.519039336614624,   0.087717789763468,   0.584544788605248,  11.214480438937716
   0.151612277845723,   0.776078439945557,   0.506616120620236,   0.628414435387892,   0.219052791829439,  10.993168007712677
   0.121894558159348,   0.733638817963797,   0.569574911617580,   0.405921785769974,   0.810767599996887,  10.982476523485253
   0.397260674930554,   0.738469583913789,   0.823700599483586,   0.723026880567296,   0.112185974196059,  17.852739439310387
   0.454257056923785,   0.553298160640692,   0.436316583932156,   0.361766208289655,   0.782667660247255,  14.712875337436802
   0.886341804615926,   0.400489185526939,   0.479467818245311,   0.974359265805250,   0.230540570764669,  19.884592256271915
   0.165490371837530,   0.106643064296244,   0.896860334817225,   0.373897413733445,   0.477883080781676,   9.832508878415489
   0.128431609818861,   0.873036244284875,   0.340605995942046,   0.801307593121383,   0.401774858218534,  13.980207835532177
   0.794674647357040,   0.675917070011996,   0.260927805029977,   0.910184389477954,   0.405609764116425,  22.205031897709627
   0.416793731902029,   0.896692017681223,   0.612149332143586,   0.166917157277402,   0.204641466020115,  12.167449919941092
   0.183632661844659,   0.106043096407736,   0.510676422013780,   0.071743658346666,   0.788678464219070,   5.274488692580377
   0.926227704294680,   0.118863075484524,   0.735570475195969,   0.086534727013989,   0.341615468749730,   7.073459240900474
   0.036522402540136,   0.832558922868972,   0.810824083560293,   0.825111377285262,   0.267682938095621,  12.475574208227332
   0.173680635348110,   0.288478762169285,   0.600863504267819,   0.712679943452719,   0.234875628168866,  10.072192496002060
   0.591302534537716,   0.603503065073257,   0.688813978534562,   0.862181077556335,   0.056784203300721,  18.624478628707241
   0.252074171580227,   0.983739922940328,   0.957701066445003,   0.784924405830218,   0.178600642859714,  19.958002960755103
   0.754026430018250,   0.855432254008427,   0.920645674443361,   0.839415732335424,   0.264865043164680,  22.237357864384933
   0.651341611990389,   0.780693685883829,   0.426213155876616,   0.049408651183938,   0.782503353965442,  14.511929505655866
   0.323656296291433,   0.240470353010843,   0.220360848436284,   0.749628785697005,   0.910723609407470,  16.034669996921622
   0.918007596397374,   0.466116244240879,   0.398994251309783,   0.784133275664614,   0.842646875692741,  22.003161714453057
   0.200227036434218,   0.858599409301640,   0.203604395235007,   0.913248852451814,   0.754777980134181,  19.805485791490121
   0.890423187073930,   0.231907097401508,   0.565895465867877,   0.084048094120537,   0.211354444580045,   8.025803377449046
   0.090684297246271,   0.804370908011708,   0.527060566314069,   0.973491911878993,   0.167492373941027,  12.858619568431427
   0.311671390135245,   0.375406918823774,   0.393651581998593,   0.976366844021833,   0.228931851316025,  14.728086810054549
   0.539206162930355,   0.336693593902731,   0.470096615210904,   0.823127813944741,   0.137880389813570,  14.337810449156073
   0.470628046626191,   0.389603393347710,   0.787031123335279,   0.577130422335584,   0.378302134058608,  14.757599932051152
   0.613697468385171,   0.615180239772367,   0.634226605955816,   0.928911182941939,   0.677795626999426,  22.307399052599017
   0.259522753715835,   0.261560388766603,   0.625465802263341,   0.382408750371071,   0.233783774885030,   7.424253248567799
   0.807081133288281,   0.233364424632840,   0.825692918883932,   0.283715816157465,   0.773089339525593,  14.401852267547874
   0.460505362602925,   0.153649833584853,   0.498798796659263,   0.377298776726353,   0.727914645909014,   9.617212085026171
   0.070691867984498,   0.328552267982248,   0.540270614553142,   0.786810930111581,   0.154345783350336,   9.401290846296028
   0.147446523983754,   0.076070118176499,   0.618129474784111,   0.080565983978302,   0.231386831899891,   2.593982196297417
   0.772954979525116,   0.424535156196436,   0.066345735613643,   0.426402033309594,   0.085721323216373,  17.031381713667926
   0.605092398376365,   0.277048861676424,   0.762941792159069,   0.577123225289357,   0.675099103840164,  15.555957897509170
   0.540573632400484,   0.502357174059444,   0.383953470989557,   0.645138305998437,   0.990022977709309,  19.204286035565151
   0.054364353275087,   0.062532726831993,   0.559824951271820,   0.210122506142214,   0.180360721353731,   3.181407186193562
   0.316043573719133,   0.334703699019132,   0.634765969357544,   0.010867288068174,   0.737779495158753,   7.423183702198555
   0.417852016556543,   0.395640005032081,   0.236747344923121,   0.156841686222633,   0.591766485080178,  10.876577127185174
   0.453483479515089,   0.822753893871339,   0.144753116038288,   0.741495227270377,   0.465769919335827,  21.483661859334656
   0.809993555379436,   0.359853938609280,   0.349835048710366,   0.712152680771370,   0.399658172323670,  17.500757960904892
   0.439882078120534,   0.548354889300424,   0.506964763640419,   0.360710742784789,   0.696876112156687,  13.965624123958671
   0.228792328309337,   0.412776632429164,   0.847775099449381,   0.761789635332461,   0.094077362669246,  13.430820893869287
   0.642961412398638,   0.960544907795555,   0.205313825287110,   0.283679393263211,   0.928539817330017,  18.541623986560531
   0.699946179794165,   0.801777026781580,   0.575093344271267,   0.093239759375875,   0.203055671115268,  11.876190164890215
   0.546309072346452,   0.023902450908123,   0.515556185266585,   0.641147529232960,   0.723396359075526,  10.443415051284735
   0.016748423251603,   0.450336402956617,   0.608123204775061,   0.731184899028576,   0.909968607814054,  12.332434664567376
   0.837066721419808,   0.239768336134021,   0.318128590064446,   0.180193652078673,   0.177087621666135,   9.244601494648260
   0.590780453842713,   0.598590946050945,   0.042795172093056,   0.008265635409870,   0.584568899261634,  16.147564974393024
   0.587558826481430,   0.243964785283207,   0.968551550607594,   0.131498669107832,   0.112099610021738,  10.618899010455106
   0.248093728547480,   0.220082213895058,   0.912651344446634,   0.560217904816358,   0.252882684878923,  11.979156995803592
   0.462457036060485,   0.522198598444703,   0.588913103937634,   0.618433424807643,   0.601051945960218,  16.227324228572382
   0.813411915093833,   0.767420237277055,   0.421153392438078,   0.101652070147546,   0.061896718396657,  10.698380303956380
   0.182131845255947,   0.543965216630300,   0.339738340278782,   0.548352933554283,   0.235272078577302,  10.236037017914832
   0.570431529194962,   0.107791312086053,   0.671270225668591,   0.648881217412434,   0.958541441701207,  13.787887100112201
   0.945575180386542,   0.341425929572123,   0.729332712663198,   0.990199757163764,   0.891678568993048,  23.903074441924993
   0.401885206479043,   0.719717172941812,   0.685211587411987,   0.749497392701282,   0.479122933037640,  18.463620183159225
   0.396829011573107,   0.554388608109754,   0.831096160011965,   0.994763988998841,   0.174151101262959,  19.385067718892273
   0.983404261912236,   0.394398696575860,   0.608394573253404,   0.025700768494524,   0.598407837190304,  12.869784400012463
   0.656517605886814,   0.051726869266935,   0.654716221730995,   0.280747925494560,   0.705943823349398,   7.880790132814007
   0.236349590435747,   0.987920846465624,   0.416752815768567,   0.473018897190008,   0.680406742476591,  14.965896828873435
   0.879643212254809,   0.172821756186974,   0.733582677781153,   0.438046254268700,   0.838363635089045,  14.259896120873332
   0.443687192086638,   0.715800135269247,   0.026545578239541,   0.050939183539833,   0.970057414745866,  18.245352650896681
   0.179470279003254,   0.082593566458752,   0.082649000771724,   0.579084272410971,   0.569632589354736,  12.588155627990814
   0.748698013054922,   0.881234762206191,   0.257563133614350,   0.655723655681083,   0.335151043034308,  18.174918221245633
   0.432150143532450,   0.983325778752181,   0.483971321781558,   0.071779347572526,   0.696950090292747,  13.930973415356952
   0.068929556885931,   0.761465061038599,   0.270262166836874,   0.321698999951968,   0.431260827144043,   8.070363096533885
   0.934792676346809,   0.528490075036020,   0.316051820098061,   0.295052770698600,   0.211426034730042,  14.682636987557123
   0.497569214234828,   0.383496465708921,   0.433618922296314,   0.841453980219314,   0.271363685373030,  15.501505913231341
   0.878324866084829,   0.762046790144032,   0.116370667004073,   0.394238597530244,   0.777958203142642,  19.393807466115899
   0.700781033015893,   0.310388161822210,   0.020989710672375,   0.064449179480177,   0.727908576361571,  15.186924181220583
   0.582876020235843,   0.380694514303847,   0.483304458884869,   0.489547741981282,   0.716931021659451,  14.905770239542820
   0.567735622823823,   0.363426406954379,   0.414570774637291,   0.691982480897877,   0.709337719786380,  16.650042515812050
   0.219263047170933,   0.865224989496578,   0.750794329908984,   0.104640088517889,   0.547914200845408,  10.657272597716517
   0.864996200410222,   0.071649507546722,   0.499309610467767,   0.155256991725618,   0.927569417379861,   8.125198494517484
   0.718226640610490,   0.741077299975616,   0.618888744086157,   0.298588801829201,   0.354165808690560,  14.988090173940614
   0.231955210994613,   0.119982170615023,   0.353742180906015,   0.683177572992739,   0.495408881877805,  10.609854240095800
   0.716038956318748,   0.520296414165552,   0.705357437971715,   0.047503132930271,   0.974086279788169,  15.397994089679557
   0.954920727090589,   0.285339565131771,   0.720717992767256,   0.494898003246749,   0.508013802162744,  16.015715324796712
   0.738249113969621,   0.708317995457883,   0.979904991740988,   0.169926289178257,   0.199434824731547,  17.276711417488176
   0.813207804068191,   0.946322524553152,   0.188129062519115,   0.545485315830293,   0.042072447953849,  14.234040008671048
   0.495639489878234,   0.497530955584973,   0.593670955581385,   0.433201367923258,   0.078363651284931,  11.894363709006761
   0.348384920981660,   0.869597332923986,   0.174140126197937,   0.241266859781396,   0.703005107647090,  16.195767000714390
   0.652761027309958,   0.549283022410216,   0.961622941617027,   0.349460814227736,   0.246682655548506,  18.018724800938102
   0.884329212214022,   0.143846738031171,   0.390939840946053,   0.932890376582703,   0.771843015744368,  17.316825429084226
   0.931327446298615,   0.518759702611884,   0.923182476104436,   0.670418569812680,   0.080457531234828,  20.674109076820848
   0.432742262440371,   0.114741060800659,   0.027566043955819,   0.917748007597234,   0.676268646471951,  18.576286278900024
   0.354413211381909,   0.171662340513466,   0.307768850013749,   0.494592365154970,   0.671989841856663,  10.944639238451352
   0.310690463786435,   0.676694690766142,   0.422773182315531,   0.124693536349380,   0.331976845515320,   9.161189829040282
   0.869764537491999,   0.020363751925646,   0.315896539344893,   0.873467874513509,   0.414378850468035,  12.040596098340924
   0.325130637739336,   0.594472789657518,   0.036597329085682,   0.856545372697723,   0.829107835493774,  22.711627345139913
   0.762226336007270,   0.180230878722326,   0.704782169123519,   0.783389991594880,   0.257089145062201,  14.141140306832945
   0.658612486123213,   0.579268808328069,   0.267369969011501,   0.534510241640088,   0.859434218534520,  20.039773356287675
   0.932986559208129,   0.242035452176623,   0.622987275055928,   0.519319146911389,   0.094053364735580,  12.479923917760900
   0.436428010488012,   0.057396934382112,   0.870598836348174,   0.577821803890181,   0.509637564019902,  11.859421119072117
   0.392248932764114,   0.765486644373197,   0.992917755200708,   0.307292066074974,   0.420118954982075,  18.127866395154253
   0.384134872333723,   0.012917908171669,   0.212324496533666,   0.118798974596862,   0.008941999937314,   3.043730045068733
   0.606422074818470,   0.586022481036372,   0.744481095538010,   0.551461204902698,   0.684830974052051,  19.119666622427154
   0.745239595539069,   0.439893004476325,   0.902007914256126,   0.657729478631980,   0.696576644004680,  21.864833332445052
   0.321283700370253,   0.426315288562431,   0.498204048199499,   0.857502908535246,   0.919634890954793,  17.344685920284970
   0.742796601634182,   0.267646731102240,   0.885395448940117,   0.653604509597963,   0.287148111772154,  16.789870794684703
   0.501238648416772,   0.142095563902787,   0.335682781637872,   0.594862324567569,   0.669748381702614,  12.056304849994923
   0.659091711819126,   0.949490990234750,   0.031582269858187,   0.874077543941650,   0.462577012171234,  24.671092309547241
   0.864537492204148,   0.950241111238300,   0.822956849888087,   0.213355287991002,   0.849501242344659,  13.784994932857227
   0.949088437134672,   0.381572084223023,   0.591935517940006,   0.409270109985765,   0.147839600661119,  14.077707426884166
   0.901666983713137,   0.277469062964250,   0.952183101508266,   0.543892042043659,   0.725507699325740,  20.231019532790526
   0.671652687245051,   0.839697737295301,   0.763281408794952,   0.149999268689456,   0.330731501611143,  14.338635307093908
   0.972579173173313,   0.159698574559961,   0.554493322755021,   0.251663124287123,   0.434691752719731,   9.437647144869530
   0.473176067871059,   0.096542935905310,   0.217608128729349,   0.498453400321863,   0.695048590613024,  11.484895309292913
   0.756705076530871,   0.420435253824578,   0.137121238417331,   0.872817050323870,   0.483614322303828,  22.191780291654950
   0.353620352649082,   0.157904204019442,   0.963771252375043,   0.294496444885968,   0.432690300367569,  11.155315322780837
   0.282541145151898,   0.123999153953874,   0.794664922083707,   0.462494862073042,   0.810119972810993,  11.510528553032199
   0.691717644660845,   0.463606117270843,   0.005707932349072,   0.794806868031373,   0.398690587515794,  23.282797360489575
   0.648062386100790,   0.404024460183964,   0.583623013978165,   0.737319826399316,   0.197713543123982,  15.830608444874922
   0.270131788405685,   0.223154535929689,   0.242188512589234,   0.706231250584588,   0.459640930359434,  12.572340473277292
   0.253625242942504,   0.452383160876536,   0.103037198822922,   0.040055965862298,   0.918546444301426,  11.671863823028449
   0.926354462480109,   0.724694106964500,   0.212475032685121,   0.976354684986058,   0.975698267469073,  24.881628898450444
   0.577107085870137,   0.127406461507164,   0.030872617911565,   0.393841422356359,   0.904486480010446,  15.151893631773032
   0.664222819720216,   0.828978509414754,   0.510395690979919,   0.661477681412234,   0.462739245267245,  18.804420053696024
   0.077669499875081,   0.835272079213090,   0.640174886946382,   0.029841073460445,   0.405315008309125,   4.741998218711200
   0.195213810768607,   0.890731308411711,   0.499502165300328,   0.416985472142611,   0.734612581942693,  13.037957051797353
   0.140476209705262,   0.334122749753195,   0.777747612338143,   0.946055034271428,   0.380673941963580,  14.376004366635616
   0.766592182233895,   0.926071956790277,   0.672232553859131,   0.106462869809476,   0.947540822699015,  14.298713337278581
   0.514920731834244,   0.669675381779882,   0.011550643871221,   0.537202618128981,   0.870453197540578,  23.331099743236820
   0.670824881619606,   0.315849132369662,   0.474973416435335,   0.293938319582618,   0.892738121436357,  13.591218433748214
   0.988823339549497,   0.919599901504306,   0.596664334869229,   0.965382887781736,   0.923528875485801,  17.268716751355139
   0.161888131399165,   0.715052608941175,   0.476947830919361,   0.611955089517240,   0.794590070879448,  13.660159259900597
   0.537580530396918,   0.891575019384784,   0.826883199043534,   0.999011874505440,   0.465262262557784,  24.432331357059493
   0.563349320823440,   0.504709968413549,   0.303622103265724,   0.696969498223585,   0.049771027139328,  15.780922916834331
   0.047049501467343,   0.144546224263728,   0.760287093734262,   0.544385300919752,   0.356716707388370,   8.796062021178058
   0.506887325090916,   0.827515337080183,   0.449517072248770,   0.777759630841726,   0.762600875966982,  21.323146646028448
   0.921413405534165,   0.732614008565772,   0.705810864796035,   0.820540490793744,   0.202127826769977,  18.588945216992670
   0.293436709383100,   0.887827794557831,   0.870705795700787,   0.724177236324224,   0.662987069950876,  20.606050139043475
   0.469033463839800,   0.100867207096508,   0.773880415251189,   0.262794668686153,   0.657894382058856,   8.898452587668785
   0.468179592833734,   0.373509231426167,   0.821200545963778,   0.538636641147079,   0.885259747477244,  17.097547853508619
   0.175069162991803,   0.544174162075715,   0.100472694176413,   0.396659816566424,   0.307190382401310,  11.643444372344021
   0.703114798312545,   0.540029768999657,   0.838425848223780,   0.012568644022297,   0.904615677359710,  16.233731033928031
   0.670106138788886,   0.079789111647010,   0.494609276663443,   0.434322073529832,   0.287401533043414,   7.452642749014290
   0.836304120565214,   0.357761617535581,   0.844785571193289,   0.920883543273480,   0.191234908692890,  20.617877484180223
   0.241758167825564,   0.928203969505743,   0.959873448161498,   0.868358179959936,   0.195829571331068,  20.372558382163831
   0.653410302585934,   0.949937402108207,   0.402351696209966,   0.757232319497277,   0.414498044692470,  19.125177106711398
   0.014762218707639,   0.286077355378789,   0.538701439515903,   0.887057791396434,   0.253673641554974,  10.301572003548076
   0.971509457178404,   0.697907721306723,   0.118754394800004,   0.477536320535978,   0.119679259009922,  16.757103879476670
   0.258644257699573,   0.468670665203785,   0.561423361213404,   0.691601999935064,   0.303161130096557,  12.224106724171174
   0.729532393502805,   0.698844027136740,   0.781333637157779,   0.964489717913187,   0.805337273158445,  25.249788411594171
   0.261727421159088,   0.053678116104666,   0.159438963858616,   0.375716346731656,   0.107466173444626,   7.055350886347149
   0.302747691037343,   0.611222294174183,   0.898106887503592,   0.107892622207613,   0.749462934639131,  13.487462378306738
   0.135592284641052,   0.657855889344936,   0.431074577262383,   0.083102551944667,   0.962483606443425,   8.504230816329770
   0.191929379735222,   0.688174804092301,   0.260876985821206,   0.459198866154182,   0.340988940925402,  11.471921860978531
   0.725723197706884,   0.615923985440563,   0.024396768647789,   0.405053139987287,   0.983551828174357,  23.353910192726318
   0.905082137413505,   0.460095677313173,   0.695111486162513,   0.841597516209270,   0.552678589671451,  21.598023365567926
   0.290202734490764,   0.270853049505435,   0.199507245808779,   0.344695089422841,   0.072453161803344,   8.059478983653170
   0.653041823778231,   0.197449330856540,   0.970623446942346,   0.442374235622390,   0.334263164345602,  14.465758782228587
   0.685667953764060,   0.050152891264255,   0.226438451819232,   0.354014801246919,   0.967825996571198,  10.954234259383835
   0.340720221735679,   0.728746448134350,   0.369533741878642,   0.499517396566153,   0.354671044998246,  14.142130604835442
   0.304549099848880,   0.642143400154380,   0.420308612090468,   0.196444424006027,   0.322313177274254,   9.467569405400464
   0.814233135085364,   0.491134569088602,   0.454449650329582,   0.028730329794380,   0.501703943787988,  12.346894545136774
   0.174027937353294,   0.531386546803910,   0.819011725997087,   0.381499207371752,   0.276803940478433,  10.098907702503833
   0.847912972839223,   0.730849040406022,   0.804774986834481,   0.438575093562072,   0.577681936035452,  18.433188424439724
   0.652918771313331,   0.000356556957735,   0.787310515966246,   0.340597526832912,   0.824837585408860,   9.188423559903722
   0.211334731671100,   0.526116650515754,   0.650227608780158,   0.405122354686912,   0.672131094840589,  11.285679154766047
   0.156963103656961,   0.441504519518763,   0.792018813912785,   0.236287324547343,   0.661101146676729,   9.533841894068779
   0.820062405251474,   0.642289711875710,   0.236789732071900,   0.393078872786892,   0.824667536537232,  19.404513762797677
   0.538297288877191,   0.089611112995149,   0.845219571722980,   0.212046643002834,   0.148971768248688,   6.758485897680558
   0.744375726633972,   0.946331177684954,   0.813574668098374,   0.625713441203242,   0.500332913781927,  18.733042020108016
   0.868451221573594,   0.249082593533132,   0.377828026952050,   0.190524849460239,   0.544130596606475,  11.209061967449731
   0.713105889135421,   0.500023962870577,   0.697812929571062,   0.241930715252884,   0.309307663995814,  13.750310578427275
   0.419609420653418,   0.939835705214412,   0.907354461296183,   0.678261277171376,   0.036010262993205,  19.735779033591136
   0.785673011931375,   0.952683080530801,   0.783124048941796,   0.726414436207096,   0.005972607599401,  16.001560549855057
   0.459685455165141,   0.287647787970421,   0.076685156799737,   0.428392004637557,   0.205317776002888,  12.930022849652063
   0.041171104211846,   0.032749227789452,   0.745165474932403,   0.752342021533038,   0.701883050939348,  12.277316326152514
   0.937405623969220,   0.735138249267300,   0.794741279210762,   0.183315957048050,   0.909403822213794,  16.403892598339944
   0.029708678307571,   0.595889081483874,   0.930558412578614,   0.416080545863391,   0.669213931781149,  11.770357950927400
   0.568814234409689,   0.488614372121764,   0.126327115640882,   0.201251757720530,   0.487326311903894,  14.905311469844699
   0.726702175297663,   0.319500833535673,   0.003415153899603,   0.079646985207212,   0.241544261755068,  13.600502846692414
   0.325022621629178,   0.313914823771196,   0.771425834699939,   0.246870335741975,   0.784285432936405,  11.014312558284939
   0.045755940135115,   0.416529080216456,   0.827322091414184,   0.105860686407238,   0.171443057793880,   4.657005580095202
   0.106403517039841,   0.679541848057323,   0.122010120373224,   0.155272882943603,   0.709168522999426,  10.208162452233536
   0.746522348319054,   0.513103610799117,   0.702626119933625,   0.088625335234625,   0.595861956161663,  14.019245224402686
   0.669210875079690,   0.118703185873112,   0.091750117826293,   0.358383422979057,   0.593038977160049,  12.352166032049226
   0.568311025298891,   0.713820358631740,   0.316657661907482,   0.746752912768213,   0.432294384213813,  19.865405599879260
   0.454355549171194,   0.380048674715999,   0.495883074041985,   0.904342279835309,   0.754370775752461,  17.978243758848862
   0.223002565304895,   0.601278000861998,   0.894168308331450,   0.458125057916372,   0.443484078237772,  13.995015942485072
   0.508463073597299,   0.829838261749623,   0.892447306769208,   0.588699096489688,   0.653247396889635,  21.934350342249637
   0.640919528052849,   0.979640535495930,   0.235383897853519,   0.755304567732930,   0.306410722161152,  19.689439813565379
   0.863439627627398,   0.882450973111077,   0.232615260477818,   0.384560621646648,   0.766479653347117,  15.908739970270052
   0.972408128285892,   0.073790895861495,   0.163234414721887,   0.268197962303578,   0.306033792876227,   8.715571809281180
   0.127341161483280,   0.796254492814690,   0.519843889731223,   0.659054597781137,   0.937853783002764,  14.419539884049939
   0.445317809252417,   0.334469561950292,   0.747633828522212,   0.681425937099364,   0.428000488858944,  14.691067929721809
   0.434242108207119,   0.059924236108070,   0.443624578365019,   0.771624956522964,   0.338599883987897,  10.289396017334830
   0.973521447899118,   0.447602648716356,   0.019601023164306,   0.203215979484553,   0.629312870703027,  19.591371574798636
   0.857519469213267,   0.979120301419866,   0.546013527227568,   0.933482306389568,   0.478847283480957,  16.599544305458998
   0.098275934810743,   0.948652918610460,   0.494126159196312,   0.173635367417915,   0.673479777901576,   7.991645215140005
   0.792039506830995,   0.417737331769804,   0.829015746786401,   0.242037287421946,   0.532853822537353,  15.870882344763441
   0.516386418924069,   0.209898456914438,   0.133351682298690,   0.017737788707928,   0.126750337733646,   6.839457891327972
   0.853993162874513,   0.973237915105491,   0.364675282206374,   0.114228716551283,   0.318453904429412,   8.160407060537898
   0.568571164987072,   0.741554470964027,   0.344308443527227,   0.390126765199177,   0.406821707318064,  16.118585987406139
   0.489075765283610,   0.650147215468823,   0.095942644994507,   0.649071797057105,   0.243249747858026,  19.381170624423966
   0.187864648207762,   0.312619083293343,   0.687030244169602,   0.006787643002801,   0.204446282833050,   3.624323193589158
   0.903918761247199,   0.977760936284611,   0.497756994389836,   0.586984586668643,   0.586112552108368,  12.370015024312881
   0.427671657873264,   0.053116491458143,   0.366108189551424,   0.994260732010493,   0.401433859165548,  13.021368641976490
   0.078928749448877,   0.380931397167969,   0.295871306423975,   0.263771499061532,   0.464315806130490,   6.735825578124054
   0.582387024584988,   0.237642280102916,   0.867829946875533,   0.239967708290380,   0.756088952717510,  13.098350736391396
   0.297373131891405,   0.909890543114096,   0.918990568808426,   0.866100598142346,   0.820404177337912,  23.787174772350298
   0.384175855446352,   0.834802692290196,   0.834716357618439,   0.829487632677905,   0.318794733259764,  20.584778236205803
   0.982405754082812,   0.999470706532018,   0.566053173775640,   0.553156478555796,   0.107868457442206,   6.726935623154153
   0.145706898346151,   0.807954079772657,   0.494228163186872,   0.130125921805620,   0.066779622246640,   5.250508266312328
   0.339870399277665,   0.847974202351674,   0.884499418913150,   0.915100232580462,   0.465110543296013,  22.300141810249293
   0.686197706819350,   0.181401015438106,   0.934747593056754,   0.592667776113689,   0.650065333145524,  16.768762016936122
   0.277585169793599,   0.899397805765091,   0.232197247176150,   0.298080833676317,   0.254967289837585,  12.753510669801701
   0.988790548120203,   0.168923016002417,   0.169342993996813,   0.646891789519824,   0.543428957419740,  16.382611646557308
   0.319211768908140,   0.998780485153266,   0.838992351317942,   0.117650479206821,   0.593583660915456,  14.866139224384003
   0.140725991965603,   0.747758690747754,   0.387329369291940,   0.521160991438906,   0.879733199724166,  13.110151529933038
   0.748528907744555,   0.062974025157589,   0.987312485374563,   0.822204418506863,   0.532319250833796,  17.108583028372365
   0.074412759782479,   0.475667771667453,   0.859031669903935,   0.011507750863332,   0.869760228543377,   8.151653532089188
   0.538046524065246,   0.111885139562785,   0.036870511556471,   0.907804505432220,   0.167116984545443,  16.083374915326718
   0.930153482241527,   0.554514968100866,   0.470517352269580,   0.105742220082724,   0.472503173228249,  13.425030769351167
   0.146302602308510,   0.780453874153471,   0.007872759092122,   0.887539524058416,   0.456368624372377,  19.511733056450893
   0.334141000300182,   0.231974812362158,   0.238770176942220,   0.007621659557422,   0.158027507183071,   4.642300039628048
   0.555499644004933,   0.169752408804081,   0.444948197674236,   0.772520259002011,   0.402228712654349,  12.716259301768421
   0.585291723078826,   0.695039864823712,   0.482549997060147,   0.576157777651589,   0.518427462915306,  17.934219765917661
   0.163371162705265,   0.617916819578760,   0.790880166447544,   0.685264082351761,   0.340008904435168,  13.363445024833904
   0.322550924318710,   0.148470326719654,   0.163525216221125,   0.629456282126934,   0.373394362702400,  11.924655931883187
   0.113363857873048,   0.436774664616820,   0.879536741987546,   0.999989393792345,   0.738473219633441,  18.122499783143446
   0.045332725171508,   0.655122390343182,   0.764539158614766,   0.961102691053963,   0.869747167636230,  16.291034401615782
   0.801296355522262,   0.528757236073810,   0.341966139850307,   0.358460343273161,   0.789158628403019,  17.743909362827651
   0.380248427284976,   0.610941785508073,   0.208843805022798,   0.687621072150547,   0.970007389527441,  20.089058333054606
   0.293984433497425,   0.823369117603401,   0.990496569137872,   0.422044907565697,   0.109189726635868,  16.470587026076799
   0.848658800312768,   0.129261123839235,   0.942526299509444,   0.812167980422670,   0.895889664321556,  19.896187064543117
   0.455521302704520,   0.725578105967209,   0.887207818382156,   0.026461731640242,   0.390801642111797,  13.832888782205288
   0.197910860535803,   0.947408976454307,   0.572576827572863,   0.708632216689409,   0.238600361625582,  13.940440200702369
   0.478500411623266,   0.564340838144922,   0.595505353448654,   0.806785753152915,   0.848036793660241,  19.992353014931766
   0.334669870154596,   0.643098258082540,   0.070089875809253,   0.217915501320807,   0.124127514717747,  12.754203383224457
   0.034446284048882,   0.492957404297710,   0.420231949343255,   0.016166150776378,   0.838739515600344,   5.015824676161730
   0.977127205806418,   0.504487592073575,   0.444358215800083,   0.638772596721473,   0.036716415596893,  16.630774580275052
   0.647508736350504,   0.316938341262966,   0.247115465883430,   0.361101355849154,   0.753286508876683,  14.666194356280407
   0.547639873604146,   0.052249819641649,   0.874282474901765,   0.878511711562387,   0.033121778505753,  12.650201194166439
   0.445052091370348,   0.655052505148897,   0.743535326894363,   0.497740922766650,   0.674184239248582,  17.465486078221819
   0.046315256055496,   0.419742964488013,   0.529610199798752,   0.612468567891491,   0.296804875442746,   8.236607133067427
   0.373211467339249,   0.759160407154366,   0.726930013863036,   0.431831281949090,   0.085978362797428,  13.549490961460824
   0.913940055772141,   0.094008009066311,   0.340525929240719,   0.421808899684989,   0.867360435327381,  11.730058372498801
   0.354291449271092,   0.418624614122087,   0.847299551220722,   0.094590707914341,   0.829816662674565,  12.000008794574676
   0.473340777817380,   0.585943659834630,   0.187607464542106,   0.953084645739150,   0.299220381177782,  20.630550144635869
   0.361868565012668,   0.635180966741746,   0.102678516437748,   0.232505679258733,   0.892914920623517,  16.556549464366302
   0.830323177085692,   0.335693641594570,   0.782675614475810,   0.785385022561335,   0.553574536756667,  19.899556782530446
   0.371657104080530,   0.556403822539914,   0.995830176558246,   0.687270816989985,   0.312640106829648,  19.401972795947241
   0.395499111106443,   0.524349169183886,   0.376254176377935,   0.487355846661752,   0.861723406551552,  15.552253051044829
   0.397044699878063,   0.452811395600913,   0.314799039238484,   0.851895850999835,   0.431978082873208,  16.717436834409583
   0.728370475076969,   0.359880084970112,   0.462271048172403,   0.713121492925332,   0.426063620003280,  16.625247532810366
   0.710149990751465,   0.253541826808142,   0.208808677850129,   0.118492597451599,   0.417800725663592,  10.329443775324032
   0.418176593675466,   0.890140593964241,   0.335434836370838,   0.370404267527797,   0.035674627931713,  13.629266854313780
   0.941002213263932,   0.848533204866528,   0.509325889877564,   0.161914378301922,   0.485936694834682,   9.967196556767778
   0.684136200703872,   0.404181259542061,   0.753548884320375,   0.129507224969560,   0.646282271481293,  13.447108952594052
   0.557176600955007,   0.041082245584912,   0.526624967059322,   0.938032094754519,   0.450843324255535,  12.367208354133217
   0.281691393066100,   0.761939137216176,   0.046203377828131,   0.874910707798805,   0.918324131024612,  23.702747566451038
   0.310518373274451,   0.708735235233646,   0.017765595811842,   0.190812979647539,   0.602666684880015,  15.948526390951464
   0.912915265339883,   0.050552773700374,   0.319591987525101,   0.400225730227703,   0.204201117180619,   7.118987238259356
   0.863514189101013,   0.867299140428383,   0.355477100971102,   0.890576318959371,   0.763540055119054,  20.236106246734071
   0.513821748845733,   0.392672061312429,   0.706637677470289,   0.973985805564430,   0.002373100270658,  16.528288002121045
   0.793876455276316,   0.822017779960391,   0.704183809966723,   0.699178348021081,   0.988481861363526,  21.640980854368962
   0.613962995736467,   0.041358261422172,   0.533743629947190,   0.460521143428757,   0.322794104620314,   7.038835892106350
   0.803746369645330,   0.369181367338620,   0.119921594516484,   0.341936759400730,   0.526860048225912,  16.972186597043191
   0.259469142488549,   0.984326379130555,   0.406568851866183,   0.217597213618846,   0.974322528271328,  14.412225458521100
   0.170340651904402,   0.166376989613887,   0.536565628318676,   0.001653670330402,   0.771696933947403,   4.790937789358128
   0.827485775658393,   0.318205433862285,   0.529821089962314,   0.731067449580788,   0.036672192952635,  14.872306084805174
   0.318128261340221,   0.235515078172837,   0.467653432339760,   0.861279866156311,   0.002884012870054,  10.980276737633005
   0.325718678796402,   0.362145689842268,   0.907811957699271,   0.179350608645762,   0.294223968349567,  10.212350325973665
   0.335438597413956,   0.373232331297654,   0.686201560780964,   0.602064513565587,   0.286342950189222,  11.978318088289408
   0.515006343773922,   0.769691834311564,   0.067456439880397,   0.827812179831205,   0.385224003593373,  23.421090711747475
   0.278280568473752,   0.828624575434272,   0.881791535640950,   0.177028099755326,   0.798409488847043,  15.304637640868258
   0.057069152237880,   0.225400659555460,   0.983192074626151,   0.668257466954496,   0.417581378063120,  13.843979595489333
   0.778272649377599,   0.553913004270909,   0.514758230784984,   0.089106377483209,   0.063221010027627,  10.978141319370847
   0.034823927640291,   0.045183362001942,   0.774460415713899,   0.124343080976103,   0.383235665376924,   4.715611101860498
   0.860686381240398,   0.692824728505775,   0.246921948429889,   0.470493534686605,   0.594333737891912,  18.503370687800409
   0.326155615764580,   0.134887514673595,   0.529491949038232,   0.895779347619325,   0.361576147815033,  12.160795895355195
   0.807712400072713,   0.864350090462520,   0.835794448282602,   0.268660077432229,   0.506834198085354,  15.600192903004958
   0.036375433226993,   0.675325533944964,   0.450079785572403,   0.527784317366683,   0.075240037006094,   6.474858451522267
   0.439908739206045,   0.839285200344055,   0.194470571324298,   0.318555891465713,   0.788261557260326,  18.161478816619876
   0.788226289654000,   0.804991500333490,   0.023103367609938,   0.844114078509106,   0.697564834878606,  25.597859262404391
   0.885930401535184,   0.962842607498127,   0.029971281795928,   0.588158608597368,   0.421637355252600,  16.863717499376005
   0.671868416144413,   0.289506278311039,   0.167538295047422,   0.674196100908368,   0.668426180369478,  18.032162100133799
   0.932056646476039,   0.072117744933975,   0.851641542274559,   0.723124042114830,   0.778780192265885,  15.694227376412641
   0.584943463517179,   0.238344623543067,   0.906615523490564,   0.026759159662361,   0.347833232844058,   9.554727014390012
   0.519862621636018,   0.290747731805053,   0.349929879836296,   0.648485032291572,   0.733139606515864,  15.173003692110122
   0.783459237721567,   0.091841014370319,   0.093694899944788,   0.026848485148569,   0.398657938510481,   7.804741038978667
   0.541884434959205,   0.125585913908441,   0.733074827133836,   0.845549675765417,   0.899565321464726,  16.161500726547906
   0.041558144204562,   0.272918720048502,   0.395581189852922,   0.743654245335770,   0.900962713121704,  12.515665680944796
   0.518104004142862,   0.544157985061824,   0.067654897311570,   0.738796537052958,   0.186675130700796,  19.803434667094500
   0.121966985901264,   0.589903081819975,   0.911667947501057,   0.520208920181423,   0.013377098518493,  10.899521697616086
   0.621748849879152,   0.343980645869834,   0.841261369078123,   0.089587840632325,   0.615426814160621,  12.526870314739567
   0.504810820998277,   0.071480906044202,   0.253818252252785,   0.285154141153026,   0.617833284359247,   8.284013232284082
   0.343232589790224,   0.713244195235436,   0.222708207566114,   0.455818274670201,   0.551154655402261,  15.806580575657605
   0.822353339501650,   0.129917905324415,   0.040202476132926,   0.906020270036453,   0.241009940983526,  17.787289407461440
   0.196510957802612,   0.721725567682620,   0.572167744722102,   0.530269353140310,   0.853189956416626,  13.982463249184001
   0.240378114960562,   0.060452655189962,   0.785638295940748,   0.370329108487500,   0.688360071780602,   9.233237998212321
   0.397685317266658,   0.724258214816547,   0.800576060109429,   0.706765495000621,   0.875996298860962,  21.117961425545154
   0.265453996851776,   0.371982294323628,   0.372500690551691,   0.604297718267372,   0.620343524336981,  12.522440683257269
   0.997384959208340,   0.955200639433061,   0.315106202152956,   0.916705132183169,   0.232397541023085,  12.493178578861075
   0.644233686057212,   0.080595818266098,   0.949121986557089,   0.576251296920744,   0.404972144019678,  13.445555424642873
   0.643050507012999,   0.224761499523198,   0.080824866328903,   0.268732922600442,   0.694341240017909,  14.059402965818844
   0.084161715379659,   0.346822341452411,   0.028000364215734,   0.804354675940225,   0.949091832679241,  18.160399014973827
   0.821971195407110,   0.536227883831105,   0.235690483149228,   0.580848230619239,   0.671079197521697,  20.388409671090859
   0.150265748542571,   0.067206469506161,   0.980811439267463,   0.825556914801095,   0.675671550465186,  16.574730596551287
   0.291012147128375,   0.428555744035723,   0.371196568515811,   0.473877173742378,   0.771797578953578,  12.748124798076450
   0.656258196231931,   0.129406270515646,   0.396913729758848,   0.496288166352963,   0.706390779509270,  11.343796327905087
   0.837306422770356,   0.459810659585506,   0.561978370562459,   0.183831449685844,   0.288607524840775,  12.712645654579999
   0.402500427380908,   0.422876209181697,   0.938851737795818,   0.628526546506103,   0.278998308586543,  16.628107641887318
   0.323678117122562,   0.661002956881264,   0.994208135419031,   0.846973006699481,   0.942370259256444,  24.293117634116008
   0.158539928035263,   0.959086664433024,   0.753486889816286,   0.112525659949483,   0.491057980099600,   9.462950702781612
   0.775849143391363,   0.157413395354474,   0.853880689428462,   0.004081370517933,   0.410519646616264,   8.341394546940222
   0.816580125946078,   0.514622280368935,   0.697739579047920,   0.960774411284413,   0.862473230763139,  24.389757664921355
   0.856658516542264,   0.821480065428868,   0.998591293345077,   0.272424951727263,   0.798505483230020,  19.709420572701276
   0.381746805068767,   0.923041638544767,   0.061381544508078,   0.943904928789095,   0.409492632081116,  24.277830251881966
   0.389445355940558,   0.505705180497949,   0.223351245014376,   0.278573284391079,   0.016934444436234,  10.201020879935646
   0.625907940302956,   0.180039121110845,   0.703463216856396,   0.065260230872326,   0.142125866445042,   5.657885869253576
   0.361350295510378,   0.968457628883898,   0.882907721185549,   0.365100855305771,   0.153708893304300,  16.261306443028886
   0.244974915516970,   0.392774757379888,   0.086953779415480,   0.403562120182246,   0.117023231268297,  11.009894511195064
   0.652224858951698,   0.942747324544336,   0.839126819528409,   0.115580596182077,   0.618757379988690,  15.905469115955727
   0.243245976757222,   0.093771061456011,   0.218289308357438,   0.535186336404807,   0.598705066841184,  10.648573360453007
   0.551875286529207,   0.603235357279170,   0.688912213010427,   0.715941897359637,   0.531519677420218,  19.184381316496612
   0.235837981910179,   0.453843393504820,   0.250596974457442,   0.139359648899609,   0.486511966356581,   8.369741661847566
   0.349069275839146,   0.944376303172668,   0.974120398497288,   0.205775253869454,   0.553804333023481,  17.924439210180850
   0.994490770220512,   0.218617046202293,   0.795041121420325,   0.115782168027951,   0.430116159761370,  11.360786987854180
   0.150279518549646,   0.730767658091819,   0.664702603225995,   0.916379751142935,   0.345554306242045,  14.816148709506022
   0.687694204738228,   0.669824949150888,   0.975438305616605,   0.468219893149240,   0.837038252083377,  23.311848373624933
   0.148403300977693,   0.563020750065811,   0.154588713731757,   0.749614599545919,   0.172661614964260,  13.340523444527189
   0.366353061856787,   0.389105271817822,   0.253234066880104,   0.389064130870761,   0.452244937333236,  11.699873661209523
   0.234787537025420,   0.428832409686958,   0.195462064293062,   0.457638683532385,   0.444365784460074,  11.763697494788437
   0.911299675790851,   0.644654567999509,   0.461021239945276,   0.176603949871589,   0.729988925468098,  15.071149322209560
   0.466747855302985,   0.993496955306235,   0.963811243401591,   0.716249231648917,   0.613524590062556,  24.467622642997803
   0.208423049816348,   0.279541464945221,   0.572124464552842,   0.823858356607443,   0.449275744377786,  12.409180116509773
   0.351362480044189,   0.939259727182913,   0.169902624189316,   0.358655207879874,   0.709976973617020,  17.923472618712363
   0.742075092115354,   0.922599598862093,   0.208901246656301,   0.270507570373733,   0.939442948799833,  17.461368997909204
   0.785494659517691,   0.207241882576537,   0.715681693722576,   0.450218484646268,   0.918477974129901,  14.919034491837721
   0.249972849054794,   0.441262774666278,   0.330336469430894,   0.118020156300069,   0.226680503343792,   6.285673353539130
