   0.070574936240417,   0.174633375034134,   0.058737590928271,   0.413383117505463,   0.015563510232438,   8.492995365671007
   0.084537490210201,   0.616089844035623,   0.657130951724089,   0.378728527384397,   0.644594141017880,   9.132993465632826
   0.143918944055036,   0.630250696861326,   0.235791414204415,   0.738185806048425,   0.681491999227206,  14.996615042284640
   0.375016455235417,   0.249230042093853,   0.736238877235036,   0.906147225150734,   0.208962652299519,  14.116750296710672
   0.243027036613270,   0.592732132926809,   0.685470495046165,   0.092876089710487,   0.383639559965284,   7.907513311416595
   0.305137157983938,   0.184002883922666,   0.691502467002679,   0.314879891397542,   0.946566384231217,  10.369844684616769
   0.244659778787944,   0.516155475627100,   0.800431786533254,   0.545906117529618,   0.818854531875426,  15.222545675397496
   0.046497838869511,   0.694302231615460,   0.200791017749158,   0.858599839876319,   0.427043290549298,  13.524215014446742
   0.406174465497830,   0.073274684709109,   0.114347499177049,   0.504064083638227,   0.565295443099327,  11.775323711189966
   0.825989267492626,   0.559343355480268,   0.426121875041653,   0.435225842170130,   0.656070952324102,  17.670642203008015
   0.247226106554238,   0.607774109955611,   0.618767655858906,   0.872091022558398,   0.184305967738316,  14.471670134118106
   0.204653895988012,   0.406414302954407,   0.483017877024007,   0.407710929258193,   0.252908264809309,   7.930781760242497
   0.605359578873299,   0.958845131136750,   0.091522181506522,   0.053941045391214,   0.489997856213560,  16.008819218491944
   0.734924704473776,   0.257017468120438,   0.522935615585565,   0.652324164365337,   0.135429086682933,  12.802826488696770
   0.872825729802242,   0.569175310263885,   0.623510909914235,   0.035535335581234,   0.369339359806305,  12.506640840571453
   0.321745320483901,   0.982905100908461,   0.213767247346084,   0.780519711694463,   0.058488608627101,  18.115709397606679
   0.952394488972545,   0.513081677643821,   0.912521967209259,   0.800578314945464,   0.890959639477152,  25.857719252944051
   0.932042206235588,   0.900962813166923,   0.757058104078233,   0.347872033491680,   0.484083460242534,  12.045535400905733
   0.558063681530285,   0.308085455307209,   0.399046442535889,   0.463557716357419,   0.984192336034135,  14.902915791436392
   0.920590297451197,   0.290868228771945,   0.046314576680872,   0.184260011529832,   0.877476215167625,  17.801197413889380
   0.695214209064903,   0.770592860607285,   0.473167287006237,   0.292389876353503,   0.003138420883547,  12.891067753270486
   0.191043274315357,   0.186468659547826,   0.642177588579651,   0.680318329959137,   0.948003478243853,  13.064303156277962
   0.864699571447690,   0.401480377296566,   0.527093679908619,   0.739191706587575,   0.404664308927477,  18.299124207633682
   0.968500554138363,   0.819284858174618,   0.259456603945694,   0.052770461520757,   0.405251467534253,   9.753558912699965
   0.316669344929132,   0.622576294827450,   0.652282443070830,   0.416772443258904,   0.015709431388882,  10.515273843482117
   0.064614221719133,   0.847966604645813,   0.543303615948587,   0.103436496229883,   0.050578302849825,   3.037573797429169
   0.394272073217696,   0.036149251579837,   0.025866504481269,   0.094811470096537,   0.163907138542636,   6.711312124628985
   0.025179635420000,   0.647097774427856,   0.220272137858647,   0.518828097887732,   0.717712863518779,  10.853456565994920
   0.698491351509810,   0.094766403765437,   0.438907895012099,   0.991899472777398,   0.735286522122815,  15.734647139928782
   0.856204931458507,   0.703460014206133,   0.621638325087591,   0.597405179580819,   0.151016169999801,  16.512979964145085
   0.255654641283373,   0.369743095347402,   0.683382455788573,   0.269891236006617,   0.560831152667067,   9.101833940550250
   0.332814225705786,   0.381212616928257,   0.400702970419278,   0.830609015121833,   0.305982104187922,  13.914328858521475
   0.462203306901754,   0.162962100894295,   0.870556738030393,   0.119096741133603,   0.539505130722833,   8.979016307474195
   0.596184670584480,   0.815794552588811,   0.052168044304672,   0.112801251551617,   0.817643411116008,  19.218124667372706
   0.829855792529330,   0.225668373633025,   0.313497194534067,   0.741589017314550,   0.977538865304345,  18.549001068595135
   0.200175252055277,   0.741986473478502,   0.882143186864329,   0.579071729813056,   0.472223516657843,  15.571137047758929
   0.427381354582834,   0.611655815032079,   0.202508217016183,   0.380142224873185,   0.490692936973854,  15.344858044006937
   0.596901612691176,   0.715247915554467,   0.786968232193843,   0.116741783980531,   0.702092801636150,  16.062590816464667
   0.135121490844712,   0.015951969848995,   0.481819015245136,   0.947577885726428,   0.247224979889014,  10.786229786217525
   0.355936414566501,   0.236043650847341,   0.860688965362231,   0.950047916581398,   0.883651416562533,  19.129583253622314
   0.931177687444696,   0.046828730750235,   0.027950416194237,   0.668984480088923,   0.910946669912555,  17.066832318004757
   0.985418273732253,   0.499396371992460,   0.379839043819317,   0.186704233176893,   0.327053444162232,  13.788014155277468
   0.895118859696870,   0.210262172834871,   0.129155941191781,   0.563796761612670,   0.747722907941651,  17.701313670890759
   0.329490177431695,   0.840873956506183,   0.013923534535712,   0.473176130412844,   0.644439066657841,  20.325287682537063
   0.584234519393574,   0.303271821122252,   0.761839858627922,   0.800437040217167,   0.793632493380034,  18.627042072558346
   0.447000941557213,   0.168560391351527,   0.379489766375826,   0.498698076132498,   0.995492781694294,  12.599940791594273
   0.376684591353207,   0.790796938449297,   0.042480478097792,   0.841359358760369,   0.395006978337691,  22.625973042279604
   0.441032753736896,   0.668801933586854,   0.580663703414516,   0.134887756375651,   0.235317269525221,  10.651755717152067
   0.233858352100125,   0.062108525784903,   0.007330044106412,   0.861559571680537,   0.122032368754048,  14.536376626309277
   0.350937419207555,   0.876342475402496,   0.654650655618896,   0.559887007822662,   0.154132851377932,  15.075014838551359
   0.703617679603401,   0.288381797134942,   0.633502874615048,   0.657065722368242,   0.718503204803745,  16.471213484576044
   0.964382344108611,   0.227361966437693,   0.187511677052339,   0.411097966217550,   0.525634034094979,  15.048532598954836
   0.240391615582035,   0.963231524142235,   0.365818722542844,   0.755324568808631,   0.062807826624968,  14.877008936380157
   0.665459892985675,   0.795381494048554,   0.267846482771956,   0.522665260379183,   0.107731494386187,  16.800896235383988
   0.245258104437678,   0.153291895511983,   0.579399868325778,   0.295609536697487,   0.496844638362866,   6.744776772571711
   0.558178110795590,   0.189014727023789,   0.465257395232011,   0.312189286610091,   0.321650942802732,   8.008435161457960
   0.885507519000541,   0.370535532365755,   0.096256984093000,   0.373125609766426,   0.675290881858032,  18.944955093957795
   0.033596402204839,   0.335451219052957,   0.407405632378376,   0.170961926040167,   0.558610144446062,   5.028126403304173
   0.877431045264478,   0.852855296021244,   0.134562210761381,   0.365599725289434,   0.814805482364553,  17.509171719819715
   0.225653981836784,   0.830731346444867,   0.216966920578325,   0.438349311103829,   0.814384557124820,  15.612171281074612
   0.826895386918515,   0.043184336282444,   0.190164973239198,   0.109601627881424,   0.130515055697745,   4.788023949453954
   0.735768082918226,   0.943656453768604,   0.584100298674777,   0.410216779490370,   0.973297114318695,  17.304011477823874
   0.849196307584811,   0.456185821545473,   0.566880806913215,   0.768208910296930,   0.169575689554818,  18.000159416343951
   0.679322528041001,   0.207552200654711,   0.676893638075679,   0.310479186879002,   0.615303973227937,  11.093191591163077
   0.393614020066048,   0.678775236494669,   0.941202041848671,   0.701316661787498,   0.059985254812210,  18.648411790971124
   0.387357779754507,   0.427907887277591,   0.046587106324444,   0.839430092072453,   0.401663776663007,  19.489418403747656
   0.313850041102688,   0.912695539282859,   0.597669456400456,   0.675995151766620,   0.076057086087305,  15.163719011368759
   0.629059814700349,   0.765748506550074,   0.452284887163804,   0.637093545342894,   0.668705042432958,  19.743476610478961
   0.002459177978431,   0.796530644326766,   0.488118177122253,   0.601667234490986,   0.251732221703808,   7.339694469856134
   0.098049884008671,   0.669655049438699,   0.765899331070023,   0.250957759133352,   0.104249548770323,   6.493034404672074
   0.987740292706143,   0.036202049693415,   0.693574147822878,   0.817301585881484,   0.001459850165167,  10.050750530439434
   0.886003375333103,   0.087902004837721,   0.582383379194234,   0.400512736232842,   0.694003066593941,  10.033262860175128
   0.187260100083321,   0.758699222591683,   0.537657401859551,   0.263703209214869,   0.812391052490145,  11.044009171979310
   0.351696344928261,   0.985898939759619,   0.848234370377047,   0.531614557104098,   0.966420619760821,  21.436652252422469
   0.600010395218111,   0.426425977489793,   0.824912403500381,   0.511271341104253,   0.150947382588289,  15.178850849093841
   0.532144138741988,   0.823368951544561,   0.387880830587691,   0.061612174541909,   0.808294337428946,  14.720829593952939
   0.224359256483445,   0.968347514231411,   0.156673720804458,   0.350974595391848,   0.688561792739681,  15.617637278552543
   0.227837595241140,   0.375981702235892,   0.058573184399907,   0.599154815255354,   0.926561974265871,  17.180318930320436
   0.055971539775923,   0.251998477658541,   0.103636846599274,   0.666109278523472,   0.926063790991636,  14.876455297369606
   0.412897223075392,   0.947782602993545,   0.685442057784162,   0.738115979939885,   0.504229972473868,  20.013035435780388
   0.210697364575248,   0.262394576958896,   0.264421992206848,   0.214895465614349,   0.391019833343666,   6.942130478462557
   0.686167815336650,   0.043785860567051,   0.935989215960308,   0.219294071014123,   0.673810945797621,  10.306200678754543
   0.202727851189448,   0.590419943241099,   0.636806149724142,   0.017000208246688,   0.841973575294570,   8.426510593021083
   0.108128440256004,   0.452557893992409,   0.504530853318366,   0.722110618904912,   0.097040077086631,   9.237987791635470
   0.189421446170945,   0.034760507917569,   0.892255341478079,   0.826241280573058,   0.754320527751328,  15.318140328181325
   0.641120911448737,   0.647298742250398,   0.312585483090545,   0.512624124353820,   0.132824908991112,  16.138397133311933
   0.661642160525709,   0.098437756372042,   0.072515945549261,   0.036304203121954,   0.440999608451408,   8.254781936428040
   0.478325874654671,   0.202244732417745,   0.877394383570783,   0.213978235697352,   0.435453974296641,  10.158155580849717
   0.275651723371277,   0.328332104517716,   0.679382488139706,   0.001514609854109,   0.150191433612850,   4.214816812492546
   0.243959954183168,   0.698352200302589,   0.770689494699995,   0.475297328165129,   0.117886385116767,  11.908276358080457
   0.764911327742725,   0.441708194494953,   0.066364277520590,   0.905254261040500,   0.203716432776451,  22.562520684968305
   0.693806385912781,   0.565232220699376,   0.183991267926841,   0.640187159375496,   0.836607606030570,  22.013735102507034
   0.434912645115349,   0.059682174490111,   0.425706397619120,   0.077053746614447,   0.186906154503787,   2.630004111010531
   0.757364058358230,   0.045258345612864,   0.131289189469112,   0.608806202833437,   0.020727874207498,   9.985419773238549
   0.358890598399363,   0.173993018949079,   0.198018176537505,   0.623876530173667,   0.465389939900100,  12.338767271378035
   0.624962215088354,   0.069371703033071,   0.954773857753768,   0.021415699090003,   0.065761446770327,   6.037170011147357
   0.379288197615358,   0.025189022550682,   0.868948670870924,   0.869589173510201,   0.638001923127903,  14.908463310374996
   0.339876509272023,   0.436402094018878,   0.084487317669693,   0.305101151012539,   0.510745879511391,  13.550651616717980
   0.211665457270234,   0.467050861900627,   0.441114399820183,   0.073932683825818,   0.027083255059989,   4.000138458761173
   0.470476086153606,   0.525433126906775,   0.663143850766008,   0.281491746844152,   0.725468374194355,  13.983255728552114
   0.535148316363320,   0.577594788877176,   0.322975269215366,   0.129021278167396,   0.223332253372355,  11.288489444822540
   0.842706712909108,   0.400143020036719,   0.435516521858322,   0.797536880075949,   0.252232575570968,  18.040094451170653
   0.044777037997133,   0.454823927638584,   0.303267559793633,   0.189161588887496,   0.440762801679188,   5.508872875877062
   0.880098984052770,   0.504832321035898,   0.888328299206128,   0.809389669352335,   0.310012230487491,  22.507236927511549
   0.652057376899373,   0.936200343526472,   0.150500665084244,   0.756889819458000,   0.331133410665580,  21.071502706233655
   0.583237092139097,   0.261061559836298,   0.615154002629717,   0.989884033287272,   0.936577296082776,  19.450009089942114
   0.244897645821557,   0.579237219099889,   0.884530525517694,   0.378756563979579,   0.118925086078393,  11.649882952364543
   0.962666741038831,   0.852737051515368,   0.724937499795475,   0.208075020627969,   0.536840512416437,  11.111221625940708
   0.995423378971363,   0.704024647336955,   0.708536717655767,   0.722835861052685,   0.235795919498348,  17.352413160177818
   0.026747878279978,   0.591238178918864,   0.464801940660818,   0.475340876199799,   0.865572949635573,   9.602670202765939
   0.835916829130126,   0.014277240176858,   0.594443565049511,   0.943739013313316,   0.118961107594933,  10.585435627390384
   0.695255740522637,   0.176667010453141,   0.183193252707791,   0.207169503051768,   0.236455043799304,   9.025026914751745
   0.908667935058224,   0.410318491743393,   0.804085587916922,   0.362085591083491,   0.392367149859834,  16.644706874830209
   0.315443529108338,   0.292416625508884,   0.871971853244346,   0.713800089418817,   0.158626440737490,  13.555841256397194
   0.725316394216180,   0.071933035726279,   0.455831611003124,   0.762763045142982,   0.726873947512169,  12.932788633015615
   0.414231092983030,   0.177047389000080,   0.226805743417501,   0.072802338058692,   0.628764606608694,   7.648216201348911
   0.342378278314335,   0.595698393834810,   0.285884137022017,   0.480435944803175,   0.305791226966838,  13.228123833061451
   0.064940352364953,   0.483953288156620,   0.854282551834621,   0.172930150826271,   0.959207800437435,  10.021402433049968
   0.394552897960088,   0.816354598966943,   0.177841753455682,   0.936442697817848,   0.330873730407200,  21.572877859882468
   0.623253891580254,   0.212730314757712,   0.645634988113758,   0.598483044625904,   0.316761326665321,  12.038706110904279
   0.596075507967524,   0.487772964703517,   0.670372684558450,   0.887901386726105,   0.695654882062197,  20.853785511429308
   0.786884228078916,   0.678348729289369,   0.362900695570391,   0.901031005910152,   0.686592929649976,  22.762935088568767
   0.599127987573795,   0.991861193327524,   0.955470990971256,   0.517672485717924,   0.623242351800447,  22.006828354019675
   0.954069056126379,   0.072306076774554,   0.410193335051497,   0.040109841509162,   0.400034333887421,   4.712876689168936
   0.580836598243487,   0.645909091838519,   0.286960032919421,   0.166418176716968,   0.589069160279653,  14.758057587451104
   0.977546102272480,   0.422353828764243,   0.491383107689093,   0.128502504496836,   0.888331476209158,  15.355871378765890
   0.707182353018251,   0.646031823474104,   0.804783277334148,   0.592872994674230,   0.594973767136079,  20.669766368411072
   0.234516041354386,   0.766175749967979,   0.287070317105859,   0.202442212866636,   0.509923136478999,  10.830609315348866
   0.749066837056601,   0.472938506274714,   0.001722711265655,   0.495304504330157,   0.762952191639836,  22.703470443597606
   0.283200306374069,   0.082958870332795,   0.046410157027528,   0.322923151823951,   0.987060068684718,  13.016821884327811
   0.577439379766587,   0.343198252288304,   0.107351837953006,   0.030681825822571,   0.341046148858492,  10.926902787927016
   0.791595485265572,   0.598717109162589,   0.842065769097968,   0.053553957877314,   0.913484162322457,  17.409650029753749
   0.899710049259308,   0.593084235655808,   0.190527649461851,   0.995712942539321,   0.043196205065492,  22.032900199871055
   0.299413351412027,   0.392165497581502,   0.480892085367814,   0.341300624391883,   0.582548506836701,   9.938803066506498
   0.120917240643216,   0.066919913248910,   0.020761817345689,   0.966502142436326,   0.920053214312403,  19.112855322621591
   0.048568070179023,   0.986263079935685,   0.624157072221765,   0.388176574304554,   0.815322908284875,   9.765857515571369
   0.093485627867090,   0.984212945886876,   0.107639979549930,   0.244007154572540,   0.038839206275981,   8.563681971453958
   0.837458527367255,   0.816757517297834,   0.609779076082497,   0.464659338741342,   0.648753954859384,  16.506663072311383
   0.160323319870001,   0.471192738790445,   0.805345664429962,   0.332364667364809,   0.539206234260622,  10.235440709333371
   0.684047550775462,   0.419356976182304,   0.293147753588627,   0.739391454820265,   0.043086925355147,  16.305814225912886
   0.642894789837602,   0.977788375771306,   0.171571329288321,   0.078157778229578,   0.551410223220543,  14.890675739000439
   0.878923849648638,   0.833461994347888,   0.446868853169982,   0.925298937515865,   0.969586408248070,  21.605280127103015
   0.968696733103844,   0.501099317662664,   0.496894875380885,   0.027489081788094,   0.249228925697229,  11.510730211044013
   0.093561236827582,   0.524247890451650,   0.262244708020133,   0.419921294245120,   0.926388381549522,  11.496544148145805
   0.825779674827911,   0.979847717903673,   0.754444281555940,   0.424677360912821,   0.922719477489268,  15.798411209525831
   0.550679253535218,   0.558745389146881,   0.293797441300225,   0.351458378864567,   0.550590495375087,  15.347714611119684
   0.337048391744102,   0.768139592651800,   0.077592039987716,   0.734806511925352,   0.331699641994038,  19.841124193352002
   0.817280015811975,   0.847374352850031,   0.035014492936926,   0.431307235377330,   0.498835846346687,  19.357134705834014
   0.188279023732056,   0.071503235982386,   0.544626370548759,   0.529757814276347,   0.537546439821714,   8.447953301054230
   0.913128055651287,   0.160077057723068,   0.229280422141641,   0.569336836856420,   0.320774359957427,  13.195416348103844
   0.153889063414471,   0.332882195119772,   0.375527704485921,   0.635620362986951,   0.047617322536895,   8.506560789089511
   0.440668143484148,   0.176640666416842,   0.294205113103178,   0.733854258816424,   0.954969506607294,  15.381533839078415
   0.863684350621656,   0.748165203450987,   0.736182157438418,   0.341151157803539,   0.668456422218821,  16.833358918015925
   0.314786301329184,   0.927932676264857,   0.147898794011515,   0.864463189791867,   0.926197551464927,  23.696947755202164
   0.340289223025190,   0.448154536107388,   0.079341142299752,   0.086128298431473,   0.320157221212521,  10.610950514293599
   0.005118437543216,   0.670021972186445,   0.932831701831797,   0.535020505030037,   0.798163198113458,  13.195624438595901
   0.930734919522298,   0.134282661502510,   0.914145145094372,   0.272309874857960,   0.826128471227626,  14.110364296001755
   0.164756481830672,   0.915674883519432,   0.451316665654344,   0.182181248231939,   0.570009282653349,   9.283315845492737
   0.305297038944150,   0.448474705649415,   0.246920230840319,   0.114477447558214,   0.767599985120442,  10.433747617000819
   0.222519011843372,   0.680724001519741,   0.016626725962242,   0.046158562719055,   0.842369582257789,  13.927544958518345
   0.812961789649868,   0.316179392849708,   0.370225746922313,   0.477378786891204,   0.191498091462650,  13.293858988420316
   0.345776681023267,   0.857871431985795,   0.640935435504226,   0.012679680732395,   0.221079911391785,   9.656976478709375
   0.204754476417924,   0.168053014201502,   0.500375719478926,   0.180262037924374,   0.448274887040660,   5.122903137145613
   0.212970617374879,   0.843644607805220,   0.155352119050458,   0.891272780116823,   0.959822433980605,  21.437035074562651
   0.571336836620763,   0.103493826619820,   0.585046060458360,   0.636135591068218,   0.878247234963462,  12.744202101350746
   0.141399116084928,   0.491819290328108,   0.218233523881726,   0.539907877369500,   0.680418939881340,  12.556433534026263
   0.496995784249347,   0.238220292184171,   0.142006178311172,   0.902613740663405,   0.495809917409142,  17.702680545639392
   0.853696980788458,   0.714174306719244,   0.963961681877645,   0.015872659530873,   0.959672081490894,  18.674414478493539
   0.171469420828474,   0.717767069984546,   0.304859038687354,   0.081298002850035,   0.822097182373022,   9.455961317409527
   0.412580225329196,   0.713976347336421,   0.451337543510176,   0.099264728952250,   0.745302411114781,  12.755296005536191
   0.686777406070961,   0.293486865202336,   0.908537018953527,   0.161980588870065,   0.761971583489104,  14.685148235423874
   0.935054126356839,   0.079948248295663,   0.445210986521460,   0.239192473957179,   0.278138254146037,   6.169650146015157
   0.848692018562141,   0.891248917298263,   0.062338060621632,   0.570991556026979,   0.588301697160254,  19.409953613445005
   0.532567684073069,   0.734228530073911,   0.303225577932187,   0.682259896134027,   0.370834623519403,  18.870856878699762
   0.438064233780807,   0.342633803794666,   0.320696472777791,   0.648140039506435,   0.076630749053889,  12.050130458236092
   0.593816207740445,   0.463667680014223,   0.203706487271726,   0.036618518894695,   0.311284930485483,  11.289264264709365
   0.887378352796076,   0.207559172367426,   0.178707136319604,   0.669506870876022,   0.037609248054707,  14.416468227268927
   0.001375838144809,   0.998564313975332,   0.720828729695403,   0.040975479950364,   0.225981625265300,   2.558130524095898
   0.934731665100039,   0.739610240371372,   0.180018404482916,   0.402464816168443,   0.302193983109863,  15.830504137624514
   0.651549867175341,   0.123186096899567,   0.625326781723339,   0.081876645182551,   0.361927529739182,   5.437407058422966
   0.682177734958035,   0.549470521397467,   0.280945212230158,   0.279798193101845,   0.038590671249376,  13.187464410252385
   0.887178516128024,   0.418671286231110,   0.778549095060505,   0.129677742893573,   0.469724160477697,  14.392561748554190
   0.310520507208641,   0.861353339214376,   0.612110414007286,   0.592963186062618,   0.797913891404697,  17.618843415238526
   0.701897363104198,   0.486994799017580,   0.215417803729055,   0.428327902105247,   0.377483099120890,  16.580909148642455
   0.546194309113119,   0.823070417568421,   0.721710085069182,   0.898780941161285,   0.603221207232125,  22.861716303833870
   0.308943422427391,   0.936464844150728,   0.364476211965327,   0.571887057896741,   0.260812555093736,  15.278602748139006
   0.789709852076012,   0.879785528244978,   0.228324234401456,   0.296089239105550,   0.363073648718506,  14.437969267053042
   0.776990446629696,   0.193879779169384,   0.260831697752833,   0.131701171823704,   0.936156609256832,  11.699711371105192
   0.119041599637786,   0.413395915786790,   0.097675951555752,   0.395476063526597,   0.026950827095690,   8.866675101659098
   0.930539179667602,   0.010568293430912,   0.935337876573594,   0.102684276499883,   0.422525753458796,   7.238754574420902
   0.599513697769206,   0.728175837251922,   0.608343805416303,   0.814491579322435,   0.827877608216921,  22.321066713129120
   0.373539694057073,   0.139119724418442,   0.300527616758342,   0.347858787328544,   0.600985478072123,   8.904640536492090
   0.414452061619718,   0.158559010449667,   0.833683072261777,   0.379255247199597,   0.338516579453102,   9.761890069425712
   0.081141601945337,   0.152429682392193,   0.573780995667086,   0.313594683562497,   0.615821114535326,   6.712391732927637
   0.452220630561087,   0.374776898499586,   0.641764571294676,   0.610444079577290,   0.989145618516171,  16.528508757224735
   0.631628506738610,   0.870250059854717,   0.498215078628369,   0.702966721718191,   0.602314850573896,  19.919781911080598
   0.664382298081257,   0.089186451076394,   0.183852473217324,   0.551064142165341,   0.102021803304985,   9.870519364466260
   0.611769682982974,   0.532071361462259,   0.272792046761621,   0.624640368763329,   0.017960537216397,  15.903357923475159
   0.809521770530831,   0.224824612215740,   0.214772897046636,   0.467172961272933,   0.328672196793703,  13.353404170002758
   0.552943227535449,   0.126596280418248,   0.314521906740680,   0.474750514108097,   0.684419882368591,  11.039096471635300
   0.367116635820072,   0.172316339402843,   0.306228994561911,   0.614709517941927,   0.818707531077465,  12.965897854401351
   0.088475292835346,   0.112282981064829,   0.883835703430871,   0.017225353538381,   0.439105616920281,   5.626422187121988
   0.370359597475123,   0.474347771223638,   0.641293374759088,   0.100132072992955,   0.953205241530844,  11.409791736317047
   0.015670540660986,   0.843515061668994,   0.316678911584893,   0.501979686158577,   0.671847047074067,   9.466311491020489
   0.829491409422278,   0.739767574587770,   0.824934725891432,   0.292803223195537,   0.692429973561647,  17.871391423915597
   0.626058683221128,   0.282335135419045,   0.286578865652178,   0.552140682203837,   0.638095833078745,  14.894863645670796
   0.419928019504267,   0.302506576390436,   0.462452493556256,   0.914719663838357,   0.661551432082812,  16.368854590990516
   0.185517631572513,   0.695351818605518,   0.768202696085282,   0.456686214880534,   0.167441004308402,  10.785348787049452
   0.271507528739276,   0.647361545799945,   0.327612982845349,   0.710170293910322,   0.460659690178066,  15.244770034852035
   0.912216455255004,   0.865025451072100,   0.288730471413323,   0.791974657911472,   0.325905080063117,  16.593591891398759
   0.085601034602870,   0.454122241060795,   0.661097583208504,   0.145360853304660,   0.604917713075327,   6.215454118307429
   0.950394967198688,   0.975134126705868,   0.028150053202002,   0.698656284037271,   0.742056328760770,  17.430267350578809
   0.411491380359205,   0.758108986226593,   0.753695583186132,   0.989063237451650,   0.849831164551883,  23.732194301043315
   0.074236493430163,   0.960351927133011,   0.253194188275501,   0.497325991829480,   0.506197386259909,  10.943570730595219
   0.899235742136626,   0.423064400787470,   0.993821934003974,   0.941544729637496,   0.818277096738206,  27.686817509454599
   0.174640146041524,   0.720898203793083,   0.771424256802884,   0.503285541064980,   0.474352604420897,  12.730917328454659
   0.350609524080163,   0.393749186608170,   0.707303752316599,   0.675357625020476,   0.489800760019084,  14.264422811869629
   0.986689936960982,   0.124693525451014,   0.716919407198188,   0.095716302090065,   0.425868733173332,   7.797282277844524
   0.579260638872898,   0.884000515205916,   0.119547075756668,   0.293407407928056,   0.646131747960973,  19.052436895994312
   0.279027529375499,   0.619268452969867,   0.382173600414690,   0.134171920320867,   0.773353963130732,  10.651891554223770
   0.729770690007262,   0.399553943446737,   0.910126609611520,   0.974070800017073,   0.091205693218950,  21.492741555898430
   0.674228357904373,   0.953567810685739,   0.299387546730400,   0.608157626958488,   0.715738548349955,  19.473974311611347
   0.201115260486960,   0.242265973121990,   0.014230497320131,   0.243034094449275,   0.831434296348802,  12.831672503217360
   0.476210516420222,   0.410404574894005,   0.216648622153585,   0.253426735635229,   0.392052793681381,  11.861621373060952
   0.953312032567282,   0.875706601524100,   0.725984959927620,   0.921564498095873,   0.261145655759080,  16.502210443725019
   0.210203534669118,   0.464980553678408,   0.678766131652555,   0.960645566416128,   0.734543207114751,  16.940902561328087
   0.968278478233473,   0.557361641361167,   0.519645726927573,   0.570647714558318,   0.456228993518086,  17.917738184106032
   0.996833538082916,   0.113985340448457,   0.186129257053340,   0.052201683370145,   0.853487538727720,  10.254041335567036
   0.680080674546091,   0.343581032482996,   0.464018340625545,   0.262019517039655,   0.830827933490815,  13.499223307204616
   0.072657387717418,   0.823129070359192,   0.269833844659894,   0.920653759337720,   0.132489836980749,  12.796354614060885
   0.768557305424648,   0.704745222692365,   0.489578604524572,   0.073024172790952,   0.520721481851895,  13.250591102506345
   0.970619949231430,   0.889679483473042,   0.451077093382986,   0.037083452862232,   0.125792100857249,   5.204549047818654
   0.627790173497472,   0.749288475566300,   0.234807310111667,   0.241850543947512,   0.354974112961053,  15.556701806142382
   0.962742425809326,   0.219069701835145,   0.310409154706105,   0.685187741985019,   0.440729340588622,  15.925995633387537
   0.989281452697801,   0.695372494102306,   0.416790073862507,   0.252873047827534,   0.467278687719945,  13.310975608406105
   0.624329428075435,   0.679375853959288,   0.223044517306193,   0.410747955032924,   0.719974584179587,  18.958902154570247
   0.122918233085659,   0.238807047130104,   0.536955132649261,   0.962573634151970,   0.602413707014392,  13.585986977569586
   0.456390044213477,   0.958598159728454,   0.041402363131060,   0.133340995925823,   0.751271921944672,  19.103825472468085
   0.340876340161793,   0.810273250344221,   0.449380316223836,   0.786966346251647,   0.997197186928403,  20.535446156262694
   0.713933659200888,   0.874219510158948,   0.764952467222437,   0.279453739676406,   0.445721473164907,  15.676304675550249
   0.246112981134504,   0.412021681345915,   0.346356712445597,   0.959018523718104,   0.053303629808341,  13.460914041697418
   0.682919725606000,   0.232151580598327,   0.233545814197370,   0.057495334031528,   0.429002960992082,   8.917241900085561
   0.491762576066683,   0.897709186482682,   0.962441327068319,   0.724634174890427,   0.916633280595267,  25.937910336055857
   0.186464852079170,   0.845810126728419,   0.939082146966900,   0.282832412631494,   0.047157303585256,  11.674448913207778
   0.794679372144546,   0.161471129915923,   0.162354071177778,   0.972527208316479,   0.856598291542852,  20.211280610354514
   0.105887123018084,   0.641608349874355,   0.543553773229691,   0.511447268114279,   0.675182757517277,  10.646494552374330
   0.296820769209414,   0.349966090521102,   0.901734016421332,   0.635157216960959,   0.368877351971170,  14.629545524741209
   0.280262916483891,   0.189190345308877,   0.383304580048199,   0.381635734261723,   0.210655664666136,   6.800067059607567
   0.816564997331987,   0.551004142519900,   0.239115603993115,   0.972125014850076,   0.549212548725004,  23.705068829554154
   0.624603219310163,   0.620809113206823,   0.864028208577609,   0.213810622787410,   0.045954065405512,  14.402937822003688
   0.924064613617211,   0.387742940964147,   0.252792513993101,   0.292930281071800,   0.491948559317098,  15.636672048304165
   0.187160037198939,   0.141917102200283,   0.823126819873372,   0.659912787173887,   0.489299542763479,  11.967321411752465
   0.276321995310179,   0.212462248356535,   0.522907889014995,   0.904164566853421,   0.604721908696522,  13.909677796919359
   0.467582126818849,   0.786872723263591,   0.627041130561876,   0.388762740349511,   0.037934773570480,  13.551585593967879
   0.662796554273897,   0.670448382843555,   0.763384495232998,   0.774768967496569,   0.717264273627061,  22.569114828237790
   0.541259804472480,   0.550893018255331,   0.337402122261999,   0.226530006267417,   0.752970176254945,  14.615272595939125
   0.868672120595347,   0.640539624499558,   0.359457357877185,   0.856458053050612,   0.241941045513938,  20.012661859635518
   0.524793847224587,   0.175362145862267,   0.935098562698057,   0.255749919851698,   0.342928782066827,  10.909423432370668
   0.505482571097165,   0.995989112949560,   0.991982608582336,   0.725657902663077,   0.602203948566958,  25.107947402705712
   0.932317099215041,   0.760009883134447,   0.316924350058597,   0.562859528272571,   0.479688476214997,  16.626372529808130
   0.167198414246605,   0.566043440831259,   0.604162644386049,   0.065059471371643,   0.177900426996291,   4.686732617979515
   0.829736579712099,   0.186406443600409,   0.048195996382897,   0.194470912648117,   0.150864793960865,  11.451654900675932
   0.944526680770340,   0.483279444414225,   0.550807058610794,   0.146810353057697,   0.171485936758486,  12.283799769499602
   0.088654594634955,   0.269050490295663,   0.032157711386276,   0.936283643708907,   0.777457906692942,  18.376303348625761
   0.995503397440995,   0.070016951297356,   0.689436477393117,   0.780602563645116,   0.015747870564249,  10.774787009821399
   0.756144501291251,   0.193790821243323,   0.344751815288173,   0.002694548322109,   0.775908995581933,   8.831144824075068
   0.450884863248924,   0.909047858944999,   0.997097602731392,   0.610100275467376,   0.215172560678809,  21.720834682375759
   0.509143979338650,   0.099682380974057,   0.269549878371379,   0.613594665955580,   0.138764512835709,   9.479609794241005
   0.373418317710943,   0.689319530919520,   0.350677787950859,   0.254069518729631,   0.661029437052354,  13.525412251807655
   0.415553979232024,   0.441257298186644,   0.999951521678076,   0.327384844345441,   0.167300057591978,  14.556636179635138
   0.500555703634345,   0.084087442175187,   0.973212659018309,   0.737217565763851,   0.009063696457225,  13.214558923529747
   0.060981959078697,   0.670729724954925,   0.374637175933420,   0.927666634037914,   0.791847600238331,  14.831674935965175
   0.504142436511676,   0.591638663153979,   0.582889176204066,   0.576664425766261,   0.751009350955086,  17.717210996082660
   0.077222886139532,   0.184990780545379,   0.828276230733714,   0.133118516470568,   0.984113670047755,   8.855701456456980
   0.260674520283703,   0.285026960561257,   0.996291778830062,   0.148195812567982,   0.700999381167480,  12.226107678314451
   0.096685471637281,   0.050140330847629,   0.078252429913038,   0.675335355668142,   0.123498423433018,  11.080559477282137
   0.952825631006149,   0.111155356604578,   0.780661589074588,   0.545418698008382,   0.996704304525904,  15.279384787570805
   0.967300491883501,   0.540711221284755,   0.952667674645642,   0.587199309702621,   0.405802280433265,  21.973002616526788
   0.666628938875164,   0.168787490507654,   0.780637706156312,   0.199320862824296,   0.202412894915713,   8.042143086461035
   0.807830300540389,   0.274022167842528,   0.961463210736416,   0.943992447224206,   0.589929317186203,  23.055721515253726
   0.838548292974440,   0.792244419725898,   0.730130648684011,   0.918252021874151,   0.569950461983278,  21.788118747354353
   0.371188438412053,   0.122455119769910,   0.872437981760063,   0.053489132567129,   0.285270229117531,   6.158572555527957
   0.754564567953531,   0.334807174622958,   0.430017242685883,   0.195737100768888,   0.333412931354659,  10.851717081858498
   0.180021981560529,   0.644807988394075,   0.697486047233205,   0.140691093663118,   0.495738770660537,   8.232075072500713
   0.238443074613350,   0.223895553517588,   0.608157718669437,   0.886794158592036,   0.109179648871341,  11.317131179118817
   0.996189170814727,   0.019651120046671,   0.382700546515092,   0.187746409270716,   0.710263523691792,   6.318582826516455
   0.165311210632085,   0.334270440794580,   0.107129031798019,   0.409008787271690,   0.653693854659077,  12.172804303819120
   0.450938795493555,   0.590657224826227,   0.007815792981658,   0.545717566569832,   0.088346972957864,  18.168609637550585
   0.018706752333135,   0.244108078411454,   0.334851619057101,   0.518924154335788,   0.974942281002950,  10.752887648246361
   0.896910356801402,   0.870918869324522,   0.056013800825346,   0.127437971984658,   0.638606009803541,  14.756581841793265
   0.820793992759311,   0.601119501855627,   0.278311566038976,   0.402005833440304,   0.789169590467360,  18.946668920924644
   0.128762389401120,   0.719070778747435,   0.995319015628930,   0.673390549046696,   0.118546055088186,  15.101386689319561
   0.048918045386363,   0.578273228863811,   0.323331734289342,   0.874211125479895,   0.874613657379696,  14.626937349697732
   0.128614890624865,   0.639697435877098,   0.754023880701417,   0.009265319171331,   0.822715979704849,   8.052844657074766
   0.562950708337269,   0.963418449531754,   0.790766103166814,   0.914123835049471,   0.320785529744325,  22.347658641419560
   0.036422933280672,   0.434952571209570,   0.965382828731911,   0.931706820284756,   0.475543506386807,  16.523902750060554
   0.097662386531730,   0.153143255753155,   0.327026625203802,   0.482328135502627,   0.510231756598797,   8.442530181168079
   0.729903957718600,   0.229962415242250,   0.129184109435874,   0.526392735662550,   0.825024492160648,  17.171311575561383
   0.579033964185897,   0.572655411705356,   0.323507664166286,   0.062131297697114,   0.416583866348676,  11.959914643715440
   0.717142948624470,   0.447452971291483,   0.088250263645946,   0.126300003634499,   0.819193999200521,  17.207917160329792
   0.553519430375538,   0.080885719478354,   0.400142987884619,   0.603553426967363,   0.844268176007872,  11.858218512425719
   0.136941511155156,   0.307813282820348,   0.173294934864826,   0.771408250231672,   0.824091788329108,  15.289655547065632
   0.166565637813422,   0.354815091144969,   0.023577444328009,   0.014924197674973,   0.170007056795492,   7.384878527563890
   0.124771109676835,   0.567303230058008,   0.891807743717122,   0.099552744844850,   0.650814086146791,   9.525297725169997
   0.495119290681598,   0.257492406673442,   0.333062854041261,   0.903178021400061,   0.112914647103347,  14.052685560215536
   0.663441037365055,   0.388478785242463,   0.910125077882762,   0.492230915045096,   0.822860362958773,  19.641405964865584
   0.701736956902067,   0.220539882502391,   0.811776188867138,   0.564496678374289,   0.469500481052605,  14.609217792348344
   0.469780784320601,   0.693067108515877,   0.401712461574330,   0.937903497610732,   0.449276698971280,  20.354692599363638
   0.169646499540522,   0.410633478515455,   0.778973083347252,   0.312034649728848,   0.805950403200017,  10.877702792215418
   0.666169494770415,   0.194160861556519,   0.904478399888404,   0.502953146444109,   0.686977080823420,  15.689030250742425
   0.049228715783697,   0.747274541317779,   0.840387083757350,   0.668852048523153,   0.596435135495342,  13.141101672611182
   0.052483566322437,   0.081858278203267,   0.364317532603067,   0.021024904936141,   0.938716869466911,   5.406993493188804
   0.147854113425451,   0.158137798512804,   0.207018228279467,   0.446630969780840,   0.109771102680382,   7.465817167682554
   0.908098858270663,   0.814542624595313,   0.857382216570227,   0.423011011457352,   0.362261674835248,  15.892311571130278
   0.859716365913196,   0.845421994731938,   0.197938858628244,   0.800778885940233,   0.132549493670611,  18.062092885504224
   0.884736023200913,   0.933321874147432,   0.639489236089835,   0.657726800419544,   0.798017966453697,  16.161558887627660
   0.626028834147985,   0.230595559476602,   0.193854010228598,   0.137701696085635,   0.595326561321236,  10.609469022852034
   0.509562079033306,   0.141678130099196,   0.290674871458142,   0.400663099503564,   0.324349797673951,   8.753360758802300
   0.623264005859500,   0.636127218059663,   0.803618211826082,   0.608367227342159,   0.760213971792418,  21.204186297619849
   0.128612915843677,   0.963868860633130,   0.412640001276283,   0.388503527164295,   0.732731030253668,  11.498128184727253
   0.924363596114045,   0.632512820934075,   0.503213959732143,   0.394985005570448,   0.787876382117105,  17.537728119086456
   0.330154530723410,   0.402331466254910,   0.458888872586021,   0.361279696323684,   0.423999418990516,   9.819557002008489
   0.727366456015444,   0.720952174370264,   0.912356192015417,   0.691103148715694,   0.169323331725511,  21.129043865617046
   0.123458163522784,   0.374800606178060,   0.154989104873806,   0.803447356780063,   0.621771424988757,  14.972550451906820
   0.901578503402596,   0.090508565861019,   0.693268886249989,   0.621325236414750,   0.178039857988696,  10.386079996672585
   0.023524121289438,   0.366652731173458,   0.325310826194805,   0.830644848584000,   0.199841774924578,  10.186918476941983
   0.720416106531509,   0.760113489126288,   0.957351553127843,   0.333820173864059,   0.399502827801481,  19.407531530858801
   0.463002524760293,   0.413528988036476,   0.368454144966600,   0.821922023125973,   0.474233652232216,  16.595313783053314
   0.145715887798453,   0.529036856256486,   0.130157885032195,   0.667225758860742,   0.427689069536967,  13.944586504762793
   0.718082215604486,   0.191477592342784,   0.445317815169717,   0.387748104797670,   0.401577466507986,  10.131673113316840
   0.189252909158832,   0.883402315455722,   0.672927891024998,   0.318945903450020,   0.832689570204240,  12.965123284759702
   0.994697157180931,   0.306850445797350,   0.611355297542824,   0.592469598443768,   0.538557211025859,  17.051010397896370
   0.972985773953440,   0.970181967743222,   0.440174411046269,   0.114991769879616,   0.070345784830482,   3.324286547286834
   0.616599522032165,   0.439572792209707,   0.334638304540524,   0.114470789711512,   0.102656207543642,   9.727563848648650
   0.010624832583704,   0.265600841110677,   0.443324990872292,   0.816845361405196,   0.383410216736052,  10.238399298110844
   0.751581341775236,   0.390306906671995,   0.827546965065229,   0.613206099286679,   0.863848208589422,  20.562608461468855
   0.826070950009180,   0.794009098351649,   0.751405254104984,   0.297642525876875,   0.148312639441189,  13.806355060944577
   0.042189312956246,   0.086790829953726,   0.009552482617491,   0.412115655107788,   0.286276492969459,  10.478345810644754
   0.706391469353286,   0.032083141923384,   0.579454454302442,   0.546866519826015,   0.181515452591855,   7.213888519633488
   0.916276747185184,   0.857618152059447,   0.795499237773630,   0.114581299475884,   0.056851408730853,   9.408875974188772
   0.099453161779157,   0.899192201727179,   0.496285880674201,   0.970983638177504,   0.720856661205041,  16.087030890025154
   0.777267028019426,   0.209483557057243,   0.624671852967846,   0.603418787855998,   0.320017967240769,  12.840248073152910
   0.160461881993191,   0.102096175183442,   0.664975079989094,   0.998419181544906,   0.724947115156665,  14.667708555619734
   0.367519119168361,   0.650852661356995,   0.591769364601521,   0.491350214726339,   0.791985738321540,  15.869009934218443
   0.737803830747517,   0.982847274211107,   0.628556452564011,   0.383773828406870,   0.539071169617546,  14.464658670967030
   0.494578817255358,   0.292772818324746,   0.600222097154192,   0.975508688919065,   0.084330473443938,  14.771355377062049
   0.115533217196077,   0.334593131566488,   0.180235659607635,   0.487446337120822,   0.991186893957211,  13.086833096285670
   0.978728806340105,   0.108894012924534,   0.594848636526315,   0.775391812191648,   0.937398497264513,  15.906862936572720
   0.096910000838781,   0.127659807039410,   0.599022627583419,   0.018176363509962,   0.664010382914790,   4.086489833567771
   0.764875978365812,   0.644555009641279,   0.416769136379193,   0.440868173330070,   0.050359584197572,  14.796612438658826
   0.641733371088171,   0.430554567621565,   0.381533261834209,   0.836210034921021,   0.155522276450803,  17.050944233258321
   0.938651869943979,   0.842080294560684,   0.882295560855719,   0.281162736962342,   0.325700420861366,  13.481760703812482
   0.380666844770466,   0.438885608933959,   0.961857346699831,   0.715841038492126,   0.147901414851960,  17.175109351961389
   0.975171501651359,   0.936989869813571,   0.804124231987276,   0.150471486029611,   0.064439328065238,   6.354062569727774
   0.258665643110560,   0.927506707367853,   0.334199797409436,   0.969631967912174,   0.821811353551075,  21.198674619394492
   0.571478237313547,   0.134412173005742,   0.085881558087401,   0.354191724929609,   0.891995865726541,  13.821596346469963
   0.823123987299961,   0.857868175788160,   0.411556123045797,   0.611630017482195,   0.407924170136655,  16.287813231200555
   0.132161049790259,   0.446270818557344,   0.206885223563408,   0.413103168227494,   0.823892558823247,  11.811135107895090
   0.361495188994946,   0.213291080930158,   0.390868250073719,   0.846352395524226,   0.172561877823523,  11.963193919013028
   0.445045252009129,   0.693623651724220,   0.354525270580939,   0.719230724942927,   0.784889469010120,  19.787685345831179
   0.401829295542498,   0.617380625561640,   0.112803541961548,   0.039910435897962,   0.402542081681495,  12.438560715037969
   0.083328134988474,   0.349591470091839,   0.612707873200295,   0.730774630294603,   0.550972168959016,  11.230562727585028
   0.505980585001377,   0.767182958726906,   0.038511392252649,   0.291762000433462,   0.788374204922253,  20.508208280922528
   0.006388599456633,   0.966150336968093,   0.295172515150731,   0.578581086875221,   0.197401618203149,   7.805802795114547
   0.840280525518384,   0.666845598764302,   0.005509956647748,   0.184783986011596,   0.549289542498472,  19.305576606108570
   0.685736351011438,   0.560403491930951,   0.053112014211343,   0.477260218963160,   0.793698320856889,  22.081793249607728
   0.495322600927974,   0.136136959960950,   0.733042412394346,   0.561063496560248,   0.264360547160514,  10.121233328930057
   0.019644041338015,   0.569367591803541,   0.945891297654252,   0.936633743449255,   0.749307000448765,  17.440558223771784
   0.220694144260402,   0.528910608228143,   0.875047007271181,   0.285997238393016,   0.116367056438529,   9.840475687744377
   0.141811493338191,   0.409408599013939,   0.433914185761336,   0.242754852736856,   0.814658143282939,   8.402061605973984
   0.335327539055211,   0.471356554833154,   0.707066896544659,   0.609464450326232,   0.758709144463254,  15.509731423342370
   0.269214747080222,   0.196389140807002,   0.007137365921744,   0.826363703239813,   0.034264167031758,  14.946589315833540
   0.230419815286693,   0.266450382005785,   0.764685089575180,   0.975629536531426,   0.256100964697423,  14.354821894817471
   0.388651258927050,   0.955462737976174,   0.804764957330768,   0.855175471472126,   0.704061657902247,  23.123902534546325
   0.892729784681692,   0.857131776674791,   0.196941609215098,   0.117472320530880,   0.073298601318847,  10.103881237174560
   0.823244200891357,   0.663397384449888,   0.849853979915753,   0.871501059581803,   0.362390765958681,  22.870056257660309
   0.761806499086047,   0.294000122200237,   0.085750533649307,   0.260969297593173,   0.074052067739121,  12.881875561150942
   0.347768404376201,   0.579079972736562,   0.883044808170438,   0.263187130066045,   0.797318711129024,  15.465947509018356
   0.262270810883563,   0.028036225405472,   0.871186879760478,   0.284620063441700,   0.960426943652667,  10.634912735605818
   0.871244407961357,   0.408081324613492,   0.847265994901915,   0.083325795920394,   0.759041745135181,  16.028046665512374
   0.577363635180138,   0.739828807199276,   0.735448325265195,   0.323353838301169,   0.204172721914947,  15.102367215115578
   0.661265610754264,   0.748261352079438,   0.612394320316244,   0.321709710919377,   0.696153364784202,  16.949179000444740
   0.548885880517465,   0.634760878034313,   0.117244319163818,   0.672999182661327,   0.242464433126372,  19.759647452184527
   0.866713262692052,   0.987562539187150,   0.437239752386124,   0.052797025401883,   0.565817580921379,   7.808870278629367
   0.093942372707785,   0.839177461934129,   0.889756597587111,   0.900947410162343,   0.462363262404990,  16.810906450044495
   0.661067732552208,   0.845723971398581,   0.517149835999011,   0.122302483046438,   0.614675675511835,  14.130528032767451
   0.538300938675540,   0.636364362899196,   0.579622345601482,   0.230502534551012,   0.517821092066778,  13.822386470710439
   0.249276993355707,   0.506930153987433,   0.686833984321217,   0.039404134321262,   0.046343456680002,   5.190344568185196
   0.781488553250106,   0.731531050046988,   0.247436686361850,   0.086312495088840,   0.345603242917300,  13.614402090987241
   0.457024911733609,   0.396286767192718,   0.138600909862238,   0.049586597286730,   0.446398229406673,  10.727799018718988
   0.338056108139569,   0.052252029052690,   0.690563795009825,   0.844677453103478,   0.503647066242441,  12.245950903365351
   0.155582727879937,   0.318750253283448,   0.835855842919654,   0.508600106566513,   0.082881910551226,   9.308078093471520
   0.069336072968926,   0.276221833897742,   0.795695602470341,   0.451430496866260,   0.079979014144876,   7.264236991405314
   0.247052645375988,   0.456421863265298,   0.991908568748746,   0.703011915782989,   0.357967999583000,  17.128279389741007
   0.594435037142126,   0.106657284888215,   0.028633066683393,   0.562242932608368,   0.935470043674576,  16.722167167032122
   0.335573423474009,   0.958025212835448,   0.403392241501661,   0.953631777258611,   0.327376513097177,  19.828093334220771
   0.366925237023231,   0.071058950292103,   0.192980417230535,   0.456671443427424,   0.523794674596491,   9.889110189543372
   0.698680084574945,   0.244580121672130,   0.131375831243502,   0.144259265678651,   0.835861173011590,  13.453852850619628
   0.634715349684856,   0.938894275943691,   0.221152774103266,   0.582925844720376,   0.956143534687965,  21.714384397538680
   0.178203557938344,   0.187513039916194,   0.207607557269253,   0.625620744872032,   0.312901947217657,  10.578435509896890
   0.104596045635832,   0.456348843751654,   0.618729906574414,   0.813193352801490,   0.308819302795514,  11.451906131117767
   0.983327930711226,   0.229724385990318,   0.922170679954447,   0.264782162325661,   0.989028874662725,  17.673348790741485
   0.268140132520918,   0.880872575768141,   0.330410612687180,   0.426980852485762,   0.183079797644504,  12.518316625904498
   0.008932744948824,   0.513355327406337,   0.768736442408256,   0.460946153556693,   0.840724556282480,  10.401527984605842
   0.224032280164247,   0.814558142866675,   0.035005001593104,   0.343580862114748,   0.044573832162822,  13.407165409708062
   0.677048887347536,   0.833644429017759,   0.738852949997849,   0.229496751948286,   0.014637695772027,  13.305089936769123
   0.243565357778216,   0.569246605954944,   0.134126548652535,   0.497783451394213,   0.227754484860285,  13.013218739799260
   0.505351863126755,   0.423412890759756,   0.534044685904535,   0.968200678427657,   0.736916726259538,  19.616972906118267
   0.904882990714779,   0.147163030586695,   0.954788776381629,   0.533642161487959,   0.284696848978628,  14.959106477625753
   0.777322917150818,   0.517106164506248,   0.739370490577238,   0.079285655506807,   0.380585349800654,  13.371145923788417
   0.861675907263623,   0.385701408205555,   0.624104646818685,   0.322584985117150,   0.906019423778076,  16.708746666445229
   0.112151198371753,   0.390802086140201,   0.798965483399192,   0.397185611106091,   0.969219956543569,  11.978142507970190
   0.286626161677202,   0.280827546872016,   0.066829781284491,   0.884826780498981,   0.497467310435210,  17.590215930129709
   0.027894506000379,   0.302401245574439,   0.201234611726395,   0.022011849510117,   0.080115077698911,   2.670881825028204
   0.991494922551912,   0.036458422599176,   0.414982559091732,   0.568011497805652,   0.873575775108479,  11.325747378335313
   0.127040151888698,   0.831513076222034,   0.076483989664119,   0.783476636124725,   0.961871230116268,  19.489496281893096
   0.308126788940826,   0.413790314779665,   0.964511248376310,   0.354572050902068,   0.803552510132569,  15.778170492000182
   0.784783091446635,   0.984562191537478,   0.850747981082530,   0.746355998204261,   0.129932342995880,  17.123724822551587
   0.146225492083075,   0.720176167267520,   0.753629137500441,   0.589926510695461,   0.399509446661977,  12.431697614283202
   0.714836118718255,   0.165531368188002,   0.875904520084423,   0.606318205891466,   0.561657698359746,  15.329905081233317
   0.054081153823486,   0.729550185185559,   0.090557278948190,   0.992451836952270,   0.434473546383571,  16.686094149011591
   0.625355294764484,   0.096232865460075,   0.122671163478619,   0.443652534851075,   0.152703243636862,   9.926941862491988
   0.908860193690008,   0.555706565276751,   0.483843713076189,   0.893399532794187,   0.812039425068935,  22.998149716472952
   0.479087195026354,   0.140118689774051,   0.939989544145740,   0.647478797852770,   0.032810962702404,  12.603982865361345
   0.743450785548936,   0.141448909190951,   0.004958406012472,   0.331689976831009,   0.835738935111481,  15.640856349643968
   0.534428673524138,   0.898924774948194,   0.809129066019912,   0.837067710121523,   0.472685861304567,  22.626392047545139
   0.397391334924193,   0.817084117531885,   0.391733680461324,   0.975321852879216,   0.291320257493544,  19.965760476084913
   0.495082620414215,   0.978635385080511,   0.892029970360421,   0.967200026495946,   0.409636945424022,  24.782089637151053
   0.657222876109693,   0.712516886462228,   0.073006668206567,   0.139718873034321,   0.379257130901019,  16.890337133557647
   0.416886435794380,   0.912386487277714,   0.287920838397125,   0.353996260187069,   0.099567583601705,  14.239292120825032
   0.034351660971260,   0.162152884138443,   0.635329029019849,   0.194940745374701,   0.677723068739466,   5.879286438798966
   0.365291670203704,   0.011960390434644,   0.202843195699246,   0.108754109441591,   0.209553993503461,   4.038607235923239
   0.054526735394398,   0.458565162780560,   0.026962607091205,   0.702658127630098,   0.491936646658124,  14.746270164541992
   0.693806483279138,   0.476960854463868,   0.632659355177030,   0.811607367244426,   0.168488489939837,  17.932559813466341
   0.941278474420838,   0.678962404987304,   0.166723040242615,   0.435355384034691,   0.705810690173301,  19.164447996430869
   0.944223580510932,   0.121185552553589,   0.684178544789017,   0.155607295111562,   0.918926089361182,  10.347019742570723
   0.851152341507920,   0.739129103769362,   0.701264134554010,   0.075571287370578,   0.702907890310470,  14.268993865943111
   0.943218738732044,   0.790507489510033,   0.285830802302870,   0.872801194140700,   0.013320577174496,  16.879645832958676
   0.852207226650115,   0.479875595580144,   0.334070752297513,   0.215634686954624,   0.651441727370436,  15.557918021541532
   0.898072897915863,   0.480833664370074,   0.830411450682793,   0.832528760214656,   0.645628138250461,  23.508368218870334
   0.673590946984933,   0.474126674046583,   0.876713465634636,   0.096977347735621,   0.993237638451924,  17.206836689526316
   0.905917784617082,   0.361258184792605,   0.250638038951449,   0.640921498693745,   0.921508745171058,  20.823836001487056
   0.637407103463931,   0.023893204621741,   0.948109202067879,   0.629531053482780,   0.529255016481154,  13.435895316245858
   0.354214638094118,   0.489423381738900,   0.054889330174949,   0.310218121111212,   0.124609269796034,  12.868709275023090
   0.858915253504485,   0.945298837652255,   0.963648184924298,   0.130989955912562,   0.630553718887390,  14.332602043573775
   0.517491971162833,   0.967312050549998,   0.424367478756483,   0.928583568640611,   0.489987230099597,  21.850161017316239
   0.486067664344111,   0.853044668901194,   0.534044218599310,   0.094166609399153,   0.516524555801068,  13.190031336974387
   0.031346727291586,   0.181728577421801,   0.816815887143643,   0.857112857795644,   0.676945343124214,  14.142255713944859
   0.584646883208397,   0.275139436886898,   0.975112089707954,   0.954194690123165,   0.092686307417744,  19.361187209121443
   0.614371726557472,   0.847023429430211,   0.273491247198518,   0.588263707998691,   0.254270029898165,  18.159607538593399
   0.531206925687219,   0.804556251509283,   0.470401301483256,   0.022399655139271,   0.279103794774003,  11.377960696049943
   0.711780799634883,   0.062356879477713,   0.339193326475230,   0.545073281386600,   0.544295291917456,  10.079248908234835
   0.302238829208700,   0.594571340164083,   0.255566200017795,   0.032289361339452,   0.010018931623626,   6.918321457563465
   0.009685335244519,   0.483599342962181,   0.641004392292495,   0.286994296609600,   0.287198499594120,   4.850721527318182
   0.589620717265364,   0.364119212667751,   0.815960610157199,   0.960689372968465,   0.769288351255396,  21.694835416531390
   0.799471964578667,   0.207522216297251,   0.150564087914000,   0.924940464111774,   0.983234874465473,  21.587038211818896
   0.305882976682529,   0.847731956819664,   0.691970142311598,   0.030491276795918,   0.910137961822318,  12.867413997099874
   0.459256273431932,   0.979447311729168,   0.061947993366592,   0.556352874608912,   0.971389383597165,  24.134250878686920
   0.699370191158283,   0.374511759257283,   0.503574640009990,   0.368137457961161,   0.888019129269965,  15.452620548859905
   0.950609937257295,   0.452516950752090,   0.897748750286078,   0.388481807586288,   0.163355556170682,  17.625988732932250
   0.215730822658473,   0.249550812701680,   0.891158197496650,   0.599328098685677,   0.972087190775451,  15.597061495606269
   0.305756330862223,   0.287726072492868,   0.282917276163012,   0.659821575224535,   0.805110538234467,  14.295002233323387
   0.624102083599060,   0.155242879837699,   0.065403851418735,   0.866278491295471,   0.647507901107232,  18.674825231539149
   0.254357695067023,   0.609037324326118,   0.426200153498578,   0.923461027846478,   0.589261083134940,  16.966735677619599
   0.787849519004441,   0.156781086727343,   0.884763052901473,   0.065089719834095,   0.910932579273211,  11.950246240670793
   0.782557660661390,   0.460937573797502,   0.330593854811514,   0.974556302077315,   0.804404958127424,  23.399304852925169
   0.629087523761179,   0.150112720289330,   0.996794538867604,   0.447472222836853,   0.704167465846755,  15.855060282170433
   0.526615120797930,   0.561563379674982,   0.771788032392768,   0.348265042590126,   0.208484717049589,  14.013002066823438
   0.011292517763684,   0.271307733041192,   0.555738706433723,   0.383057053411985,   0.495796065104499,   6.467935904495198
   0.600745181275530,   0.606286469454189,   0.753390330781604,   0.466056684711745,   0.144120003024067,  15.769269316058873
   0.142993961410603,   0.973979980705520,   0.174420577980074,   0.839188919469010,   0.170825300829409,  15.603178319057422
   0.593449427854731,   0.357219129948267,   0.427890459017426,   0.484401237679483,   0.488690604669501,  13.569846990679228
   0.329267749935879,   0.983429328368839,   0.295553398860351,   0.760015901561763,   0.940493856013210,  21.645430869985251
   0.764664848387447,   0.412288890110150,   0.038268995338553,   0.747768389183362,   0.638048788392118,  23.294442174925805
   0.617895245958819,   0.502341770256583,   0.781327255617535,   0.819748627215538,   0.141927614594385,  18.767792072254739
   0.142395125511739,   0.266056396039699,   0.200419077213300,   0.804515315142335,   0.129465317411126,  11.674842907193488
   0.066067816252148,   0.260462234997934,   0.692763280690883,   0.604065036850657,   0.354864302736827,   9.098472875548660
   0.785754758027921,   0.339181608062242,   0.982016573315027,   0.444279589449928,   0.112093502942454,  17.078291883256675
   0.489907804256660,   0.525436635335602,   0.823284451052524,   0.898760079878529,   0.490219262829039,  20.762819183066277
   0.747717883887563,   0.456475184701524,   0.129027279923234,   0.988882134251699,   0.675866987486462,  24.803460486774981
   0.853559407350680,   0.194726685180139,   0.892248469026307,   0.009343560015068,   0.987030003583232,  13.093354800270459
   0.963048000913514,   0.214176666429551,   0.194158878061291,   0.761329503066537,   0.320221910906097,  17.121050701440439
   0.263245693354768,   0.713562032699472,   0.780027616596095,   0.947767551788702,   0.881598953211394,  21.018615688456375
   0.081402138874566,   0.549258233585362,   0.269512961780597,   0.818843404659073,   0.441017802674169,  12.856025293465482
   0.269894036023038,   0.975357999244194,   0.324827839431250,   0.318227440523044,   0.525858152014791,  13.784327076849410
   0.160851499555359,   0.972894701615853,   0.826012769993854,   0.358587186444274,   0.424886006883866,  12.556647507731144
   0.236455088962353,   0.306763319159476,   0.275907369277985,   0.782098980992279,   0.792673541789761,  15.047814365614293
   0.724206712015488,   0.739240175356104,   0.983204052836374,   0.618637647805301,   0.675966827233297,  24.174286487386990
   0.188595158150385,   0.773072154183608,   0.088882230872353,   0.484658239622379,   0.694965071354853,  16.123646040237347
   0.516014101294029,   0.538745671652412,   0.638053560974807,   0.064572440012411,   0.789133381296520,  12.637504424667620
   0.164566987217181,   0.824562077503263,   0.607077329836276,   0.284965683317219,   0.321406296353503,   8.821052742872618
   0.855832049536890,   0.360632113268436,   0.345065750229578,   0.132759734491181,   0.215813590903254,  11.133481927146375
   0.056337760691739,   0.541405520798980,   0.363189978950492,   0.363959374009385,   0.865648218636101,   9.298943929695819
   0.087355194516936,   0.753901823707939,   0.837452107041320,   0.736318326063534,   0.394785664264455,  13.668827093371089
   0.157733815474678,   0.850542749809461,   0.879790500631219,   0.007536292796910,   0.962460798349992,  11.863542783386253
   0.466725325834992,   0.911562611377136,   0.580138502559980,   0.720090634282561,   0.978842025519551,  21.950545115064358
   0.616675983737676,   0.075667923943151,   0.012594324224028,   0.843108798002808,   0.694991088554301,  18.118032910131845
   0.084382508964118,   0.592273284544469,   0.504155037907895,   0.393613059621844,   0.614798902858945,   8.574117066240479
   0.966768681173173,   0.970898098617302,   0.727497393482564,   0.344899766812322,   0.671586154462752,   9.757983385591745
   0.010046435156562,   0.573876982313554,   0.428229988284849,   0.387824379486205,   0.365689979399143,   5.990828425007268
   0.186156952925099,   0.974957549926395,   0.531917900622544,   0.425837874060147,   0.094325055662854,  10.148246512894774
   0.639047622578183,   0.598646033262285,   0.032022095668197,   0.971004287449048,   0.738815272491344,  27.111293456937275
   0.521608610048476,   0.072896022718601,   0.644035208909098,   0.894861196899698,   0.880021169771526,  14.955335690144874
   0.572358967284634,   0.548144850305348,   0.583033711855333,   0.851532510905264,   0.776181931591659,  20.870326351849258
   0.983663627216746,   0.680795282217829,   0.893886029293907,   0.985251758053983,   0.811721281377502,  25.626684295353719
   0.191946914754120,   0.258194371935757,   0.917535400325217,   0.095135083273394,   0.380011685577871,   7.888803800019508
   0.099301692419969,   0.039566614881046,   0.002046640860243,   0.751883456742181,   0.598399804333741,  15.593415587327776
   0.178721432396066,   0.544839843240648,   0.854206324335400,   0.783455063185100,   0.152922877646836,  14.120029320514806
   0.905452870307940,   0.759868084749408,   0.238066888715997,   0.224018223123111,   0.164197670041134,  12.738875851737424
   0.083143322306852,   0.875610629816647,   0.122086951122553,   0.675468533957069,   0.502657699817774,  14.391568329096785
   0.761791679040769,   0.380008197348255,   0.790081666460396,   0.831671818000495,   0.245041541903591,  19.116536979039573
   0.599213017336193,   0.649478657729135,   0.543994795508882,   0.998595372722425,   0.988934160646728,  24.369343439790022
   0.969454950695952,   0.641853089491589,   0.223184757898202,   0.069282320181411,   0.734995863998893,  15.171875291880907
   0.658989972683631,   0.408444340261061,   0.133954209422200,   0.704789773798117,   0.649308368891416,  20.457878086919944
   0.241187708512520,   0.484590120597213,   0.611791024321587,   0.931512162477419,   0.558024775112281,  15.945043103592742
   0.979194851615637,   0.714493389291735,   0.928683996521438,   0.678922633499977,   0.073003208154122,  18.926670877247954
   0.732800298808978,   0.212520610677361,   0.386580359148519,   0.563681922290926,   0.731076935081659,  14.249181250360873
   0.309882932778739,   0.992874333880450,   0.286629265811518,   0.412742204319882,   0.891088765035071,  17.722933658591167
   0.312244513865404,   0.449976286896744,   0.888971272876979,   0.879396782959829,   0.315767515030597,  17.670853692572962
   0.780975114349510,   0.368565864408518,   0.899256081356299,   0.517361658208882,   0.381760020176090,  18.130317598839536
   0.443298411552167,   0.915454810314658,   0.690533083412952,   0.242154302975126,   0.319714122674848,  14.311640891287126
   0.312759603045884,   0.843841112201790,   0.669771210804907,   0.996996821336160,   0.107718203668657,  18.458425662552788
   0.710936403291204,   0.039664889914730,   0.943091888771493,   0.433096733986067,   0.480734439517017,  11.545994068419304
   0.515798202274380,   0.665063303170306,   0.298208911925914,   0.723629935132030,   0.779598380155462,  20.757337221990817
   0.671793555467753,   0.241072329509673,   0.873927694585390,   0.828276441090519,   0.596985760595195,  18.935284083723484
   0.028700824123452,   0.260604476747384,   0.117769890809816,   0.033177302782720,   0.863785839141525,   7.807655137682137
   0.122069392859043,   0.366496167602982,   0.672039812190048,   0.951936848098259,   0.743648491957881,  15.230426766437224
   0.311577838030180,   0.232325193261425,   0.218513596960573,   0.064964718423466,   0.743606742267428,   8.206938683393235
   0.846015965761450,   0.216971348351482,   0.844906945138797,   0.845093982024858,   0.521546803960377,  18.890283206586815
   0.794429877669590,   0.284462907872429,   0.693820449535371,   0.474091123582181,   0.193906329989972,  12.979769944225351
   0.373134802581218,   0.641544204135241,   0.616433856068262,   0.145735278517473,   0.761037835895980,  12.364994813056983
   0.154208746279317,   0.855604929898443,   0.967495156471172,   0.230772527321158,   0.222659717427044,  11.819448095192644
   0.950632293508435,   0.496265246401639,   0.763916133953646,   0.995958154785385,   0.705909935285943,  24.842852674669675
   0.407402263649220,   0.072166975961659,   0.515979575398736,   0.363812639238523,   0.861001148735523,   8.870585593581545
   0.938549335759120,   0.403029350991162,   0.998539603732300,   0.998593077800927,   0.889978529341882,  28.684195493483756
   0.167901185720997,   0.573842510644475,   0.131498155852354,   0.010595319426774,   0.690833089309580,   9.256869278586944
   0.862940594581434,   0.912706104160213,   0.601709817928668,   0.745850015230429,   0.251242946840127,  15.109809555182810
   0.085613752005807,   0.519878453580738,   0.758882347240434,   0.886213797337189,   0.721652688214128,  15.204534192256213
   0.545084364052456,   0.572387843346141,   0.596434835292426,   0.557292821237994,   0.466013872747116,  16.394944231667768
   0.469863654389778,   0.511067675979897,   0.974867679880319,   0.876949093978569,   0.118485719348951,  20.720402118308257
   0.154124325230166,   0.082425825752545,   0.099625304945948,   0.830293192140133,   0.164460073448213,  12.730226701531910
   0.325402863198547,   0.182513574034164,   0.818623709076173,   0.935828637152703,   0.688242754317076,  16.684920515947201
   0.163839767733819,   0.539045249851596,   0.022675788566236,   0.969495448777935,   0.153719048527125,  17.759417941327925
   0.427954712312546,   0.263263498895047,   0.700914811947392,   0.776300333996254,   0.211045119351387,  13.091593235292288
   0.357765202824446,   0.494775241554295,   0.399522687950375,   0.774992461141649,   0.778084995281033,  17.121075113770694
   0.395481603752364,   0.516148559707318,   0.878398998901935,   0.769385207025166,   0.536825170142567,  19.223947982667656
   0.869169452495204,   0.149286540480515,   0.683054311862698,   0.311424194040292,   0.625202140963066,  10.874852801664096
   0.468823580958958,   0.262180438876898,   0.282890885106361,   0.624688385449522,   0.174713437860281,  11.829454846720147
   0.811228944548683,   0.015342320769139,   0.498662059095206,   0.211588296986810,   0.622399962225091,   5.618825810540053
   0.483973049192632,   0.182452141051357,   0.801944093552109,   0.175889662346094,   0.735979170095618,  10.000840208752452
   0.295746824230509,   0.480332722058707,   0.838101760818382,   0.341570538860635,   0.356730993181273,  11.801788731627322
   0.712007368170280,   0.402940799862883,   0.390286430626279,   0.463988616955550,   0.975263388535828,  17.598368148924308
   0.228125212662230,   0.666217091318881,   0.780719713287456,   0.038982467048110,   0.217798851042013,   7.650156187367097
   0.376527674318850,   0.276693963939032,   0.192758027875199,   0.204607250617348,   0.918119252768774,  11.739499961382233
   0.042056348985608,   0.627526448042390,   0.191349797429546,   0.359039462581041,   0.390578834130456,   8.276750672586694
   0.037136931451271,   0.571527917001716,   0.914710909040644,   0.898610547923525,   0.223213376339263,  14.208177656509328
   0.686671653378096,   0.100620018779195,   0.569081242550884,   0.601844928181417,   0.195964990309960,   9.247331560791132
   0.759200055762930,   0.467008841152242,   0.721946789655047,   0.737468625299818,   0.420162778292408,  19.434798484116925
   0.082957835003980,   0.717798832626402,   0.989201734088737,   0.436618674066784,   0.437575199178127,  13.200262530964705
   0.674029984365509,   0.034796880833302,   0.467086026059433,   0.324169636752604,   0.086907629515558,   4.434068120990686
   0.531984425147879,   0.882067272748961,   0.743038134774952,   0.535917881745523,   0.413596324724251,  18.561873811445523
   0.804756640364093,   0.143578593706104,   0.436869445798680,   0.548848538519412,   0.146737997320506,   9.852668610603827
   0.150708626050343,   0.329119386577167,   0.051632077555005,   0.212670920000173,   0.889014525572158,  12.144424553366814
   0.424099781868983,   0.953596176930157,   0.197505509174229,   0.683187311353868,   0.375437839072207,  20.091676509444007
   0.714753476088913,   0.650575966865188,   0.936618705519700,   0.291116129259080,   0.103323938125474,  17.180113360672490
   0.140514830292553,   0.013949472064250,   0.208278756439242,   0.447120660022526,   0.301974180420303,   7.744681391549978
   0.927075570062748,   0.408003137821608,   0.937743237341645,   0.215366633521667,   0.699237771953102,  18.759620743015251
   0.681602515123341,   0.974842472747614,   0.756635303117454,   0.907631522477498,   0.888978599874145,  23.533226031963000
   0.528219154561097,   0.051085581872692,   0.468124366409290,   0.332115466058797,   0.895696964470619,   8.666684960934425
   0.690793846017966,   0.941952700177130,   0.038669619345322,   0.081747774573342,   0.165737022128801,  14.802806969344918
   0.235446518117682,   0.266180628946086,   0.172570436974422,   0.053730837759027,   0.951931337331205,   9.397348589902665
   0.981325681146845,   0.695536377733074,   0.029616488769735,   0.593545442343544,   0.344531843419913,  20.483449003433051
   0.165471512035108,   0.580087738596007,   0.763259226460584,   0.026447319450970,   0.672845185492289,   7.984863223073927
   0.874041543225690,   0.632964949214622,   0.326324786303945,   0.564741530847866,   0.649013629510715,  19.356206224290794
   0.410857408342710,   0.027502160599645,   0.401169142062819,   0.056074540012176,   0.317947548695970,   2.700742570890722
   0.957940792101538,   0.791574685174955,   0.280677679185820,   0.362433602039056,   0.852416557714171,  15.733187154421788
   0.154931795943571,   0.482924674263116,   0.526336164480635,   0.225247827841040,   0.132914753919920,   5.259890388805730
   0.812863183078086,   0.287131507208446,   0.651164884386407,   0.291539887214516,   0.106569197925799,  10.598091705335618
   0.053494352773441,   0.962543085144764,   0.243183618348315,   0.918851345116237,   0.170513324485164,  12.970753123014619
   0.123948651208589,   0.693473262703072,   0.194887998767179,   0.500066356381646,   0.460929467357162,  11.834837288615448
   0.342710477194280,   0.013520480647824,   0.294605984187429,   0.185399184780259,   0.050809966044174,   3.097339734728036
   0.364628522058821,   0.321434844962615,   0.813253464452732,   0.041822472866147,   0.669919473561210,   9.329819903750948
   0.838481485547137,   0.754117503147485,   0.265110449389300,   0.552690977966279,   0.778014940441213,  19.668884791213632
   0.379518001083861,   0.468767593355084,   0.982305159771475,   0.550621255689350,   0.082573559842240,  15.874047110324865
   0.377489152715437,   0.663292797966835,   0.512087321516995,   0.827382827371054,   0.713636149653772,  18.924564831591127
   0.083125697899711,   0.592100831423161,   0.359885035620027,   0.057696504422286,   0.791700639608237,   6.468212142952515
   0.539399151890885,   0.556431007493522,   0.828497734318919,   0.752398203014877,   0.548441459293603,  20.517129653529793
   0.725274032531402,   0.879872272817803,   0.160219610247393,   0.615748012922140,   0.760479712974240,  21.341776255088909
   0.108604891089883,   0.514055730219596,   0.752555725065819,   0.872898255072501,   0.992295569621808,  16.711088387058453
   0.052685092346864,   0.127329125999689,   0.781380961100369,   0.098486610091635,   0.231524335399144,   3.936726011969501
   0.510020848677307,   0.269747091005969,   0.895180518920452,   0.271637706368824,   0.432705889195724,  12.192043173833742
   0.272377944199105,   0.483382094130424,   0.471414928179409,   0.500153848337675,   0.356704151636317,  10.820762756973661
   0.476054204995747,   0.067132923000173,   0.828199799093381,   0.634344115096664,   0.684339916916210,  12.921775684410802
   0.781768822197872,   0.385681533323923,   0.268071579532624,   0.663854000465557,   0.966137995703761,  20.663077698059396
   0.222326561996214,   0.573263224794465,   0.116146411051482,   0.524750972102322,   0.729382440195982,  15.739171347680221
   0.555035931302447,   0.993596112519217,   0.270445624316462,   0.252754031416659,   0.649087570515901,  16.696377747009098
   0.002381383792606,   0.053120412447901,   0.503249204967830,   0.170934436814990,   0.018567773515641,   1.806368499792929
   0.247201114864805,   0.339286810900552,   0.877387235993011,   0.193333543326049,   0.349180762101819,   9.132196947026793
   0.855379837483198,   0.036197572301967,   0.136286313285162,   0.774350362560305,   0.939882948653813,  16.059859130010704
   0.120869245796522,   0.541922827319020,   0.431768030508391,   0.795558123606065,   0.164841718754798,  10.916209365186047
   0.383265643743603,   0.273163372685265,   0.331666445612060,   0.837040123797140,   0.150652437143683,  12.920468883614804
   0.825088415180387,   0.031581452526882,   0.752369353365385,   0.452344941521226,   0.913422395705009,  11.182073405647099
   0.473902463484502,   0.957225230321589,   0.282792070932641,   0.929312393040632,   0.979883898134240,  25.030216005768317
   0.203686548411445,   0.945635785162378,   0.914431973624294,   0.962830291784948,   0.210759508852368,  19.805723670509998
   0.159187605414330,   0.836609052679360,   0.019865272663145,   0.665139169581622,   0.886730529116010,  19.758533390725191
   0.691254829906562,   0.785827620852164,   0.115030707469746,   0.231105064407959,   0.503510164933490,  17.700644267279777
   0.537540663809050,   0.679710341818230,   0.415942253096461,   0.035255787435634,   0.905891747170612,  14.142165836663644
   0.149936726792339,   0.257983682706845,   0.817219716709369,   0.961755603845791,   0.957430192224875,  17.629491946414788
   0.646594872308375,   0.933413872550448,   0.079141312940663,   0.526540141192367,   0.371704253056692,  20.141968324041063
   0.865367921106844,   0.366846183690387,   0.867850998718125,   0.427982272083496,   0.350998160894073,  17.141301982017580
   0.786368965835237,   0.414310848651711,   0.753304984077805,   0.648937963804396,   0.763082509343369,  20.127586518189467
   0.402123133411043,   0.836979030325258,   0.513049952084584,   0.477368255586339,   0.729772501643378,  17.136576850593389
   0.382202253591869,   0.888916250354000,   0.147073118765400,   0.231764627046431,   0.058832820949357,  13.862174712462458
   0.963376463485279,   0.808597036145991,   0.378899544244464,   0.637559415230332,   0.308959355991060,  14.612514033547988
   0.821695971291334,   0.150540253914142,   0.228791748266688,   0.522172998625254,   0.085521347571059,  10.909436824048154
   0.327695770314310,   0.900702015713062,   0.299618364133222,   0.026330845885274,   0.783229715620675,  12.982305791760783
   0.358185987565184,   0.140710808846664,   0.447924198431310,   0.879116291512568,   0.500499938968865,  12.924675317413300
   0.611965541655196,   0.346094050792717,   0.900301445760582,   0.690318733329397,   0.219221259385864,  17.377714603220731
   0.524125277519373,   0.493144107528851,   0.063100331314818,   0.208903020028898,   0.249094895482166,  14.408814287178112
   0.960016383866715,   0.649100497679502,   0.537557910002819,   0.207710012013215,   0.759081650320329,  15.161635048729735
   0.319641550466381,   0.123209455588177,   0.388119758424943,   0.480979687460255,   0.805582236366797,  10.322146717238763
   0.371687973338633,   0.310207263321626,   0.993562862934491,   0.030931493545267,   0.827424002265451,  12.862093237178463
   0.522409905352731,   0.923926997455828,   0.318614698290260,   0.768191440932439,   0.618205308174585,  21.416134159721395
   0.254284924277907,   0.175778976177647,   0.251998524330423,   0.698548693352291,   0.482973490089553,  12.030065998154940
   0.319710330344556,   0.732854907219728,   0.892911344096855,   0.848641654486732,   0.469219287432479,  20.633972911613132
   0.730317134670054,   0.054050747409880,   0.161725784294882,   0.662441761632882,   0.160819985296907,  10.954048429245260
   0.958470484299945,   0.796079431417004,   0.700014624600222,   0.763620916610363,   0.458140195342070,  17.503060911333659
   0.380006774800999,   0.689922033869236,   0.229790393422660,   0.498492791904954,   0.480915266951677,  16.186060478789912
   0.032220081559020,   0.367466189110233,   0.517938795478411,   0.679481553461428,   0.417995838728388,   9.263102964002819
   0.370148882961701,   0.222928098798311,   0.883696456993717,   0.472770499895396,   0.620558534940589,  13.338354507556630
   0.183372415848799,   0.896899811237800,   0.466653004895891,   0.860326908452461,   0.357341050340721,  15.352240958827565
   0.457392993346960,   0.456712324965951,   0.792290023302900,   0.586891597723171,   0.022727473685578,  13.792876460308449
   0.871087750864329,   0.587627286248009,   0.990554259088690,   0.613729411809043,   0.961168315388329,  25.749047362825948
   0.776663446696654,   0.545909541872004,   0.299868459556700,   0.950635145132553,   0.577255819703571,  22.909911282420467
   0.098916015021120,   0.943368422342242,   0.768333245781196,   0.589398179559722,   0.405640004884199,  12.251980318010924
   0.487102433438254,   0.690268535264134,   0.382500389663171,   0.931466734713926,   0.203657184618759,  19.314494925947539
   0.939581370479537,   0.768224974185570,   0.682814182234229,   0.880241802309671,   0.372800187961199,  19.003604331454955
   0.171799654414474,   0.643397146274796,   0.986340856903685,   0.778291994143771,   0.365937447179819,  17.746356076998943
   0.925746731225479,   0.352619009450340,   0.765850765225542,   0.186010478856764,   0.764329072576660,  15.645167451851318
   0.777834496543431,   0.868446165173512,   0.510477531753991,   0.020165360265571,   0.229659403136680,   9.870208384494234
   0.525371198071664,   0.233698411072538,   0.726956495360460,   0.840338270939527,   0.904719557708400,  17.719426670239269
   0.434417185633836,   0.924171885446694,   0.266520298232427,   0.908307946704001,   0.739115466406263,  23.393705607285721
   0.303327372734100,   0.919953964339014,   0.374197862977184,   0.669487338851516,   0.365082863100454,  16.522829505198672
   0.145703145548170,   0.225114318315126,   0.332840367586042,   0.270281491206418,   0.740721302897035,   7.993883838709531
   0.135295088653343,   0.057982843283719,   0.399614229990180,   0.543059553625567,   0.215591097800556,   6.956523603565627
   0.411570624024514,   0.063348498897900,   0.722545463325952,   0.466178366078567,   0.239788838436790,   7.669429954219591
   0.054018182343346,   0.925458427785824,   0.168575824568629,   0.910436791949979,   0.989554313057401,  17.813062615718223
   0.252648149806041,   0.252741491056354,   0.639996828221631,   0.355096529734708,   0.866030752697335,  10.265727197848978
   0.217281408114262,   0.132140758261471,   0.900263787130386,   0.378277097279696,   0.307174207731120,   9.423646955061706
   0.521652926161328,   0.403696149053056,   0.661881133589573,   0.301815771767003,   0.226880577350087,  10.820358558051124
   0.802903340276118,   0.129612017065786,   0.656915139738211,   0.562260180491342,   0.913363101504354,  13.893261987908449
   0.757778740847373,   0.395326517706652,   0.629738314417465,   0.129655980713849,   0.543331227145899,  12.432079379899299
   0.977472055398241,   0.756481667008940,   0.358940343531266,   0.003133293244681,   0.859282149270000,  12.027425036895607
   0.481087581808793,   0.824236740339994,   0.470847574408952,   0.087263705656880,   0.264687353433505,  11.689385478171360
   0.490710515135723,   0.795189653594662,   0.162864077745110,   0.605656385708067,   0.231241213601713,  18.897000892935733
   0.000749405280835,   0.148323544460207,   0.533401905477953,   0.932028780963577,   0.467212610480962,  11.682156627717273
   0.969002948265586,   0.402426071162559,   0.447770431174552,   0.948764407292912,   0.348984641593795,  20.695423141998237
   0.506171999131490,   0.578153746226173,   0.771219767969762,   0.296520824851528,   0.007602702174293,  12.426635869460062
   0.746494827430000,   0.989780472101718,   0.651824805562549,   0.886816852812255,   0.881295834390827,  21.049690479287946
   0.669017081990949,   0.217881162757582,   0.782834098117033,   0.604135809409800,   0.540369228735464,  14.764102583987048
   0.459469030141361,   0.126729643674034,   0.908704421998160,   0.954855289990416,   0.809978373283010,  18.758342983441054
   0.508318560398924,   0.724608643354638,   0.916503281945793,   0.494220005149734,   0.348993665908186,  19.313277438435378
   0.363848077971808,   0.028550658872391,   0.454505646847616,   0.766835747023012,   0.368178256437037,   9.876937408857748
   0.924720518159031,   0.128548188720117,   0.391778629533252,   0.008953560516672,   0.578649937268228,   6.865271499754956
   0.274127805710971,   0.872164574277496,   0.667375165597893,   0.170829414691842,   0.235134268607060,  10.268732514693943
   0.638338675510427,   0.419950284957080,   0.082957807841758,   0.160673393321519,   0.228178570373950,  13.686997137006363
   0.304453363548027,   0.966937988769686,   0.453443668780855,   0.314318593615522,   0.235418775230525,  12.348908435417822
   0.150123834880891,   0.526838870005267,   0.818609917027738,   0.534475512545745,   0.265136254683086,  11.159913026304904
   0.242200904544087,   0.796045753622748,   0.746718023805016,   0.838131279492512,   0.342500813605679,  17.004659235822110
   0.126303459578783,   0.423491310926320,   0.742398204442040,   0.365139842981281,   0.725541697591153,  10.126735866353993
   0.212408712568279,   0.641339858786746,   0.043036112513499,   0.812715487146855,   0.003003895901732,  16.468715722579560
   0.611634416071438,   0.677804322516564,   0.573202422891112,   0.722118135514615,   0.027517810182107,  17.107930159648717
   0.747197883410099,   0.028772051296921,   0.608878870150615,   0.898507169358856,   0.132947017761812,  10.561778246012357
   0.844120376807012,   0.810550251930440,   0.983506275460422,   0.407310870350137,   0.714081329975665,  20.690893281412727
   0.162984933116168,   0.634355771741526,   0.204270002015974,   0.359794302344504,   0.909258834971683,  13.084655018850757
   0.147384710541067,   0.020387378873566,   0.715716150672988,   0.921340448311530,   0.437046666921937,  12.423703765970624
   0.493464408733814,   0.107683894302347,   0.980294943571855,   0.241787232846949,   0.066342497124166,   9.024891225467124
   0.842292498678353,   0.195164021131477,   0.482102551001582,   0.245692197162918,   0.395077944981152,   9.376518084292064
   0.087818327357943,   0.028138527644315,   0.925734738904884,   0.475784275820645,   0.471030809862144,  10.815628604458476
   0.552246741466874,   0.108312719025020,   0.536958958211426,   0.021316791241732,   0.380972945375912,   4.013466442888998
   0.654624835665682,   0.518429523803640,   0.111275604257020,   0.905228975207190,   0.650729673463394,  24.081689914252799
   0.023926370069155,   0.019769575832855,   0.119370524926518,   0.946465128633125,   0.103244035926916,  12.893307585355499
   0.887232303256683,   0.393749642749666,   0.557787214352289,   0.340833983177727,   0.320809812573295,  13.979914966398896
   0.291077512693260,   0.603251736875867,   0.294535467066842,   0.375639508595976,   0.763454998444293,  13.658844922056881
   0.622537890210838,   0.561051666960745,   0.663537725133022,   0.974590354959939,   0.814556975660392,  23.253295177454007
   0.768101033791014,   0.873513819751912,   0.768227496764208,   0.527502909224760,   0.293252385054708,  16.772450708082168
   0.902476353227906,   0.063632528455447,   0.686819473154258,   0.823238829563873,   0.026997242405006,  10.859751643805030
   0.616641529274380,   0.582061341907762,   0.292594151387431,   0.724461821751509,   0.208165335709957,  18.179603794939162
   0.874813902835217,   0.485281191125076,   0.280091559245013,   0.434312391556644,   0.925345877663972,  19.657294828674182
   0.239338654553573,   0.410047731147713,   0.870132683362681,   0.310478276214961,   0.515226193858953,  11.455429772902271
   0.287400777051501,   0.477660041305824,   0.858126603866790,   0.005553430339608,   0.728813218961134,  10.445009632399865
   0.149912329054948,   0.652589811403726,   0.783943369030411,   0.373822195213849,   0.497869513603813,  10.865346622560246
   0.239997806626888,   0.110369275029947,   0.434416867314893,   0.301079750227223,   0.102205269773739,   4.439043825090290
   0.876922858447914,   0.252516400906520,   0.408608066434411,   0.507027349625360,   0.289802863604522,  13.095306672880810
   0.210999398920884,   0.520952464716316,   0.570105093829306,   0.506901640514338,   0.861701520863456,  12.860852316738656
   0.770503906259316,   0.093039163262007,   0.577618020455272,   0.949023988376885,   0.853522638185293,  16.111469226399812
   0.708812952117930,   0.241215085565133,   0.823692414650868,   0.367032276353938,   0.226116745889998,  12.013234463491408
   0.560175332002962,   0.357645274392184,   0.161857641599452,   0.080434044739211,   0.258276588825041,  10.269122213464817
   0.326226404877743,   0.591469035392021,   0.562416227473272,   0.474651347535465,   0.507976170865896,  13.061625398384727
   0.619338211632200,   0.350380475422356,   0.493497786721739,   0.901335575373226,   0.508774458440509,  17.859510324658196
   0.427437493645180,   0.600958606031177,   0.194259799576473,   0.031826802088899,   0.039535779318249,   9.607559155734084
   0.846792966950897,   0.905583620653493,   0.132755386214476,   0.588872636996051,   0.904809265842584,  19.797360155685205
   0.625718589760037,   0.254397431222292,   0.624162216641788,   0.510126609146123,   0.571347317440768,  13.061307126462461
   0.238998797501333,   0.859204576241360,   0.824626479387783,   0.092512228486922,   0.353745173925284,  10.814458187705320
   0.242110090134840,   0.763031368780118,   0.295722380532412,   0.285597231009267,   0.257743986717378,  10.462615293070129
   0.508362576313090,   0.223114106629810,   0.030194750101231,   0.902168094541910,   0.239638876227695,  18.122571343932758
   0.255699458071478,   0.423716970492890,   0.869025526129865,   0.669832468069160,   0.854685951066428,  17.033741602137074
   0.897570770031158,   0.134090490823007,   0.524670836896771,   0.359145486593457,   0.335802069439188,   8.974271514425144
   0.374264342720215,   0.915778488171890,   0.813432959088558,   0.585688948979845,   0.493091329580023,  19.091409524828531
   0.167572868959668,   0.292395285924597,   0.245403995619225,   0.962042273344839,   0.220994783455663,  13.555009911571137
   0.584047099678641,   0.202980138376339,   0.559483052304951,   0.446469695715121,   0.886192655732733,  12.605277051815374
   0.050514448850129,   0.749457359675993,   0.975098201390211,   0.459240081955313,   0.424300990906117,  12.414827237343889
   0.389844736368863,   0.886439704775455,   0.442327156530125,   0.716021295424014,   0.535172582046858,  18.748676833287767
   0.327457920942219,   0.098112691459168,   0.396634671400918,   0.168199675964501,   0.694916222900219,   6.377876759976504
   0.125129087966993,   0.518250588212189,   0.869366810352229,   0.969945670223801,   0.763066430949724,  18.266629260601491
   0.088352646381182,   0.602375781428403,   0.512008734681575,   0.973969684717580,   0.063420140125785,  11.723904785974677
   0.011158360190344,   0.982043715437775,   0.549091001845311,   0.757531673257610,   0.952136106567463,  12.728383445766021
   0.973666430768753,   0.672316461967914,   0.183511667492871,   0.193105419985125,   0.516916291943317,  15.362286901735926
   0.585117066481660,   0.853951988221259,   0.782883278965109,   0.024177793622284,   0.493254032460241,  14.308501447241920
   0.437507467408145,   0.166427617445976,   0.265866727523709,   0.444266120636632,   0.054377292125683,   8.078516212163542
   0.487898934066541,   0.044396342608417,   0.246076467774576,   0.448896740669180,   0.963851958072942,  11.277743447284571
   0.487595043474148,   0.061541787404841,   0.031660209635941,   0.902569002469851,   0.757342324364071,  18.140561615475352
   0.183015515781273,   0.503468190610914,   0.056845891366766,   0.263779678971525,   0.496624405846599,  11.903113235503842
   0.466983968537424,   0.407417170740920,   0.487523350007002,   0.922750134380063,   0.793685510659630,  18.826559398382390
   0.912736569329553,   0.215380071784495,   0.351920240198187,   0.936945277205996,   0.996215666112514,  20.579810480735105
   0.988415286710150,   0.428507852923606,   0.323772957026382,   0.496843676041983,   0.817939537040175,  19.392171064374040
   0.379065283113269,   0.948439335943192,   0.672738646245935,   0.874402940003866,   0.785122333697542,  22.308259214029114
   0.320415105565999,   0.195256115247469,   0.824860585356278,   0.961699039639912,   0.321745172639235,  15.289248883930917
   0.086675806189129,   0.710883928228685,   0.974483656721702,   0.873126507721294,   0.812630159121329,  19.220781850978149
   0.139587304786091,   0.776543571641321,   0.535091893516667,   0.435321278583046,   0.138298088436205,   8.409245255632543
   0.356950977426723,   0.672673587940582,   0.841760494852320,   0.671422513836797,   0.385207555294875,  17.824291636274186
   0.087391382360361,   0.600843627787308,   0.140192717790472,   0.086405523207141,   0.819845358541420,   9.194641219083699
   0.584715685842755,   0.343850305798637,   0.514865950700657,   0.292529232595945,   0.187350198695283,   9.771088904714805
   0.905598487236970,   0.400873208482808,   0.344619221410965,   0.294233398024166,   0.074295154041832,  12.885065736583883
   0.014741975933935,   0.393358772161003,   0.800673104472568,   0.592237000440526,   0.975606396607627,  12.790655588167848
   0.565811339163880,   0.703861516967576,   0.907553325148909,   0.473415187469254,   0.468438423846513,  19.891798584667665
   0.299260307975980,   0.140172162199150,   0.649342497460029,   0.253423286155197,   0.447672893929873,   6.532683999652234
   0.382323314283827,   0.377967468626886,   0.642209395756471,   0.522627772767983,   0.332898041542995,  11.680681332141809
   0.763711279299446,   0.220946249567439,   0.306467510367052,   0.792529478473973,   0.348946171881248,  15.475401599726105
   0.750482810869069,   0.414175054388922,   0.221353389206848,   0.456094257006793,   0.061169449562714,  14.705124694660167
   0.187393695088162,   0.939574530815669,   0.152512800984594,   0.760144614879320,   0.084138200692771,  15.690711001596446
   0.877850073107847,   0.070742179312408,   0.539589510177961,   0.983466267645387,   0.764732206913918,  15.628278729804556
   0.938903295215035,   0.716287188596407,   0.620787358357795,   0.026641404556771,   0.055828653935798,   9.404128795101895
   0.423670282024601,   0.826138656816266,   0.323945209179898,   0.672550964953271,   0.886781098777950,  20.689534465850908
   0.373996424576447,   0.727451773107458,   0.975306777078070,   0.683852468916014,   0.904351480539365,  23.422454006806241
   0.719797743372774,   0.506533360382501,   0.239536953193562,   0.438085316093300,   0.321107584627904,  16.452085738926900
   0.193298002066981,   0.520070794902365,   0.739741659715497,   0.138512322923692,   0.277537732024152,   7.028293875141173
   0.802438520223971,   0.759666099002657,   0.157476944491831,   0.578920458566125,   0.989456075165850,  22.496138248306153
   0.296368933610452,   0.627088711018945,   0.813418549390350,   0.483607670234405,   0.774692335392217,  16.186679557954207
   0.785039525357152,   0.068499537950532,   0.200257690774404,   0.370103077247834,   0.360255443759670,   8.980579137319815
   0.995251189516171,   0.057845066517136,   0.738526611535195,   0.204882186400599,   0.588295962925874,   7.926982814757254
   0.564876698160787,   0.314452373207299,   0.477481734893733,   0.611959883619548,   0.360722234133145,  13.228521603721333
   0.774283230781800,   0.657805088560775,   0.695742991838221,   0.419277284970081,   0.943460822264854,  19.672090302818866
   0.724931022812161,   0.458503979806599,   0.356971504743602,   0.344821468603085,   0.260977615505775,  13.807545419357156
   0.020825819443471,   0.018601249931166,   0.713318325659399,   0.124792344420544,   0.296549661559079,   3.652936008916750
   0.331344253446342,   0.686870613223435,   0.818093431411596,   0.553769605828282,   0.003110638000452,  14.133069784550671
   0.476393084216434,   0.412630392172108,   0.319090280961607,   0.231926049843064,   0.421347721491636,  10.871010897025108
   0.827978177373942,   0.570603780069907,   0.485031494499936,   0.842609389552063,   0.076212612805422,  18.774199336660100
   0.348233780690446,   0.987289975799822,   0.379503123949102,   0.291212073462159,   0.054400838542196,  12.294582178619748
   0.791513363861364,   0.860108700274744,   0.173914572569362,   0.811104030272278,   0.314315159576510,  20.239246754143991
   0.809800716169218,   0.834319089194729,   0.004670346068196,   0.593384244634451,   0.933498000864749,  24.024369250559285
   0.344749724914950,   0.034735528102494,   0.943184819067410,   0.666654596600315,   0.736064692931312,  14.651244094719988
   0.216646749096517,   0.839675902105860,   0.020606167760605,   0.506946826332747,   0.611416295667019,  18.131833970715856
   0.417934012303786,   0.264373699439825,   0.685897365893695,   0.074401701464325,   0.172529654472198,   5.699703297564570
   0.640624419528959,   0.656112140388314,   0.770422618283507,   0.581786738025638,   0.390596403650818,  18.921755422723077
   0.979425020454262,   0.667747894671823,   0.253061711313359,   0.512024252894956,   0.869695101710086,  19.540470064571419
   0.104493117158396,   0.259699112206495,   0.233861108825562,   0.572316151276284,   0.656239701444802,  11.272452651479449
   0.305900068608290,   0.329335452847636,   0.853220963957456,   0.898355640212915,   0.397938397847685,  16.580932499224108
   0.925666591545116,   0.245369672063863,   0.510498414994998,   0.553489044231520,   0.232484114009349,  13.244745381347421
   0.004525723288983,   0.706649226679038,   0.162365877307833,   0.098669119620029,   0.717217617003637,   6.953184845922650
   0.444155214596227,   0.314092064397888,   0.350948149236544,   0.370451000069385,   0.882276481706548,  12.803956278461790
   0.323708792962277,   0.420571079141065,   0.307414645831900,   0.528961076355630,   0.420566943727879,  12.282059196019636
   0.148173029193821,   0.934607263388438,   0.854305741337006,   0.965713302047016,   0.647774541308018,  19.621296197126224
   0.900080062224477,   0.055336748969985,   0.911712671786285,   0.275149830792830,   0.355768522752911,   9.478858796581319
   0.495482063471025,   0.821891067133960,   0.314938216777613,   0.526026907945285,   0.350759676655910,  17.277340494241209
   0.599668950277328,   0.644301056888077,   0.377190318011758,   0.413858396602148,   0.077591792523021,  14.197725182012071
   0.816821308756889,   0.824019847098213,   0.755974765258670,   0.106511845128806,   0.170178665355275,  11.784285348277656
   0.974474796021396,   0.325109395746291,   0.930144255329197,   0.294449787565025,   0.537425814390557,  17.721281462176016
   0.556542804028612,   0.954035658139805,   0.289712720692927,   0.470465899086052,   0.570191058056789,  18.392760084621440
   0.929080714937184,   0.911521852159640,   0.649023382378329,   0.098042489391108,   0.511754505095801,   8.610449840324542
   0.032452867765871,   0.099414955926885,   0.631514276797528,   0.573716575555770,   0.271394965637818,   7.541416165269436
   0.204513641536574,   0.901169282302610,   0.733378171446098,   0.968650753150055,   0.506616205439120,  18.780767649906146
   0.754497453558256,   0.896282802763207,   0.490295348664581,   0.465964531827632,   0.305864628206293,  14.696783657472224
   0.120178740169699,   0.082446635952479,   0.341059090821272,   0.856567939164307,   0.801371179311208,  13.389008730453885
   0.061111116105416,   0.516729272887689,   0.133719971073194,   0.023223460028994,   0.163894376428514,   4.725350315470291
   0.191968598015487,   0.281203833352507,   0.907008533877835,   0.888254375255935,   0.291246450852308,  15.339681479726849
   0.159539082954281,   0.884076776484650,   0.520523573357464,   0.219678363465832,   0.596948215266591,   9.477418390955748
   0.064114093079930,   0.667843833761296,   0.114718420402003,   0.887127900576597,   0.850436646587194,  17.433420498310205
   0.389237195957447,   0.116924017154522,   0.463854617737461,   0.686061945641864,   0.977349871094225,  13.198407955592424
   0.005436540772761,   0.371263966810224,   0.064314551101410,   0.101046569789159,   0.344604733408797,   6.593334792796979
   0.605291245436321,   0.304181602632203,   0.233404221594588,   0.588654274905837,   0.394717919757420,  14.748658533125377
   0.334144045492826,   0.373277704887379,   0.986979497089257,   0.785343627989609,   0.866103369913466,  20.745887163912499
   0.635430672622261,   0.755913978797696,   0.181437981684039,   0.244369244395370,   0.853016860175735,  18.719326621619135
   0.525373853284015,   0.307595085878500,   0.542553769994530,   0.926350068279316,   0.102358488804625,  14.673099581419450
   0.096860468341404,   0.962291930760108,   0.578152843046672,   0.764594769099926,   0.692376529230886,  14.116537426808826
   0.654669737929554,   0.213638604660904,   0.236547483064437,   0.756840276532484,   0.466842089656322,  15.544648253558634
   0.952470571877489,   0.727696918182189,   0.456884074604238,   0.980483550807309,   0.959813539762324,  22.856578985656359
   0.210086934519291,   0.251095566210736,   0.542575224175755,   0.173624915526075,   0.881302222127274,   7.828687419518502
   0.669211232973280,   0.888150290039727,   0.598455346363161,   0.236496994673851,   0.821373122834573,  16.229526138935601
   0.506327788817065,   0.713361415469941,   0.356094109386213,   0.952442783527516,   0.832270448213145,  23.164145654064438
   0.765543928675275,   0.810757103392649,   0.012628115427012,   0.668524327896437,   0.691741212054195,  24.184570081015845
   0.985674898166761,   0.895284371362300,   0.377162605698245,   0.832892937660149,   0.207246890878956,  13.276244148687574
   0.752950819551430,   0.260109534777535,   0.657994651964276,   0.904708090538753,   0.323464997250442,  16.935523557560462
   0.569781139673480,   0.618721533299742,   0.768550259407298,   0.096709551141528,   0.741043750852120,  15.060649004230498
   0.880035968263027,   0.054621388436718,   0.714226318641099,   0.467441241064686,   0.668832410915309,  10.440825100235728
   0.581756390655662,   0.477812866259778,   0.073102530703265,   0.891606537910488,   0.529742229472877,  22.873944130557952
   0.990468821205873,   0.838623319111435,   0.478649920093983,   0.838286012877171,   0.472493213006914,  15.827804298542706
   0.254784102151169,   0.399217691072432,   0.084177876974393,   0.516106489171209,   0.504172518816679,  14.281434159375383
   0.678044494885369,   0.042576128494775,   0.007687095412694,   0.527523338523132,   0.663377782244664,  14.345250415849977
   0.880392111940449,   0.047116572071301,   0.012325876458334,   0.565644023580476,   0.185382954102899,  12.639356551996777
   0.087557177040716,   0.945454462285549,   0.797320366369109,   0.725193603939588,   0.081382048602179,  11.998269872893275
   0.840419402623103,   0.492590394403531,   0.284763655623671,   0.223348217778629,   0.062032865462454,  13.107270424898124
   0.283924912135817,   0.791169459684429,   0.163019903284286,   0.366399530684384,   0.034179301548727,  12.591705772374327
   0.002076697030244,   0.246265680687772,   0.399186972339124,   0.746315944384386,   0.820760091511384,  11.786291933670686
   0.350607838874373,   0.444410985214347,   0.619756169581959,   0.582396151144210,   0.209014683404421,  11.857748012093902
   0.901970225305619,   0.926676333313636,   0.253147280007465,   0.124726289946343,   0.877713754007064,  11.786355165629603
   0.170878404177494,   0.508467728373889,   0.103255161094330,   0.177197796278637,   0.126295554893792,   8.247424036724659
   0.818494058979658,   0.609643361598717,   0.782779670272171,   0.271538618667591,   0.559384711907682,  17.111546191834901
   0.492145910128110,   0.450817158082354,   0.962121533931111,   0.008694554946932,   0.338000538075494,  12.467417568018018
   0.612360259925834,   0.094519786451336,   0.241363207784008,   0.264319121715006,   0.257546864099084,   7.077140324475188
   0.975721421776063,   0.286135098350973,   0.371503844879983,   0.042312123620166,   0.951974738144243,  13.202069936401266
   0.349798015841568,   0.987833496364358,   0.990730259128599,   0.154504758742263,   0.546377733813637,  17.938874016353953
   0.357270139866635,   0.632624940515102,   0.839751858682065,   0.924565445022814,   0.202089608099505,  19.083495109800200
   0.838335049993874,   0.743820955991096,   0.397922571390948,   0.594445514298196,   0.523475853041458,  18.026110428469316
   0.973280050167291,   0.998658137578185,   0.191411086720377,   0.821544882694760,   0.315658143687896,  12.577606189979102
   0.459573878164807,   0.604811741866654,   0.004834506744728,   0.120607491221631,   0.862655512463919,  18.087165494568794
   0.499483961784937,   0.320957177034563,   0.397272821481979,   0.839634511085134,   0.725692392018231,  17.062014795344808
   0.789125465649702,   0.283364760356502,   0.225889219406153,   0.620530956479713,   0.926713637322677,  18.802833662112477
   0.561366736071927,   0.186984174174788,   0.619740928457778,   0.498911675133520,   0.269336052371848,   9.860739096717239
   0.330450632868273,   0.150540810068569,   0.707744424707846,   0.813516659619847,   0.688731990642774,  13.998453714746857
   0.094253697320402,   0.979309204480861,   0.405929266267695,   0.711023305120645,   0.920355796409593,  14.748329071562472
   0.409732079817273,   0.383124161890059,   0.518925465921973,   0.896208613426409,   0.426803946442460,  15.837401779592405
   0.429109867321322,   0.574655603752025,   0.845543609287713,   0.742201977671367,   0.508960474614776,  19.349750977362934
   0.107358233940003,   0.401062379005919,   0.130265423970645,   0.839456964848218,   0.426709880976884,  14.610757309361288
   0.781081259147946,   0.570206565637844,   0.350686523419693,   0.135879467409694,   0.122327563883857,  12.269448978421032
   0.910277757716558,   0.439644284478220,   0.113087906950880,   0.821546215368863,   0.360541728951983,  22.524679677480037
   0.912144178687499,   0.899149356678519,   0.282254177422693,   0.321740342543600,   0.469602426785689,  11.867866785377288
   0.916503111388307,   0.319762418234207,   0.766216733817706,   0.185148705137355,   0.580520927432194,  14.131685038548843
   0.745879265512071,   0.688895713150597,   0.258725139085584,   0.141710081596932,   0.072535857574559,  12.934609883873151
   0.114260982133576,   0.424282319283212,   0.786638097864897,   0.082326966203615,   0.410981414657293,   6.038533705743696
   0.372410287549765,   0.615934062409375,   0.382813645980672,   0.931311366797054,   0.696269442166479,  19.667613538322264
   0.720416323970604,   0.913144244202793,   0.787053655777951,   0.901986842351011,   0.659746638477825,  22.762093382141877
   0.654795810551147,   0.368657601622631,   0.858972765043645,   0.113689698993680,   0.758637161807033,  14.384674479918573
   0.138543119728188,   0.017547700491164,   0.017535513993241,   0.477261078571143,   0.796302815825204,  13.485939400217486
   0.235300624466069,   0.279084587121122,   0.386656212506558,   0.065389105307969,   0.994651056830823,   7.932524817607048
   0.073652980787246,   0.124583721052144,   0.985661194173533,   0.919709147347458,   0.778678104786643,  18.096049344887774
   0.180789124363911,   0.147823932061831,   0.994688541124680,   0.236591573477505,   0.296279499569632,   9.580251598748493
   0.227497938881510,   0.192020239495720,   0.821876366479904,   0.821319570697097,   0.224080821262831,  12.773763704625738
   0.565512480144100,   0.164329850145694,   0.698598033911053,   0.400169482966221,   0.195960143282515,   8.648521981894698
   0.701751003699888,   0.795111842266055,   0.401844642840583,   0.013427170332822,   0.828322565390968,  14.303193766982460
   0.991499735706674,   0.049225765176063,   0.329458389706028,   0.594464721704622,   0.486353774256816,  10.485431229730738
   0.165910826434366,   0.427126966818245,   0.079194477677062,   0.422078972295444,   0.087436948720290,  10.407464499548924
   0.514785452832653,   0.821809321300063,   0.031408841949286,   0.837248226312940,   0.606868019235430,  25.507632790746882
   0.194618174038180,   0.214942545766420,   0.081780160284835,   0.156852504561737,   0.105299699452185,   6.903583098429674
   0.173499794431761,   0.828345664971112,   0.702557293594892,   0.264402744740297,   0.306802817723245,   9.361812958517515
   0.906803356420187,   0.130150590887465,   0.455746410209932,   0.922942909864924,   0.043605775662877,  13.109993944723804
   0.912393701530957,   0.404639515444279,   0.115381636820163,   0.794420114417491,   0.398726581414609,  22.063876971027291
   0.703925602961158,   0.260356414978695,   0.571361968195647,   0.742179576069143,   0.450585649167971,  15.221336925941589
   0.536754817480055,   0.175806863931862,   0.991250618274884,   0.537493974992993,   0.583088911871634,  16.038263342343765
   0.739020086545160,   0.234402779559824,   0.368444506477048,   0.718555637224053,   0.133429515955438,  13.376289937327440
   0.976822983474506,   0.268564656636100,   0.082820349464070,   0.679934373498788,   0.890148329544519,  22.070677496926884
   0.682945290585756,   0.152487327408522,   0.786468914932971,   0.891612534294011,   0.379970806152381,  15.670884439641371
   0.992817648974404,   0.930894761965090,   0.752491214656464,   0.039515795318501,   0.761477508377451,   7.836199223335637
   0.295509513283983,   0.843886207474571,   0.950126658261907,   0.815644025188804,   0.436157495501674,  21.446709295351589
   0.811276194122692,   0.995386753221382,   0.621370722727294,   0.799479221912831,   0.345127353875447,  15.699796750764731
   0.840617982856345,   0.255110074414456,   0.846839644322016,   0.480503215315009,   0.412696106279057,  15.513402681168841
   0.200176597186896,   0.326725334622913,   0.634690531500911,   0.294775809449754,   0.608621848468760,   8.393959807756808
   0.152298073716602,   0.246149133069170,   0.574138641601542,   0.537824569174288,   0.638080253836867,   9.853578531166335
   0.802720089964970,   0.627866357937885,   0.120268308088586,   0.927291951377354,   0.006208746023426,  22.187096471900585
   0.702006810170065,   0.133098050001503,   0.004572795507439,   0.791441665457490,   0.106799326707732,  16.250773221006217
   0.456216495777686,   0.405845599308367,   0.737078597773281,   0.045830142286802,   0.310096376956286,   8.627165505798384
   0.242159752832129,   0.421288821424334,   0.814305176165130,   0.119411986916387,   0.706009586330802,   9.850360254819549
   0.953296025620006,   0.631217754277124,   0.293292769295161,   0.373449508063035,   0.294028779232171,  15.552753596406385
   0.069114399062900,   0.876007850396871,   0.743330436401524,   0.018688306901574,   0.399781659055335,   5.260606666427054
   0.632145728373006,   0.102532745347750,   0.788602799879024,   0.369088380400356,   0.318606177715230,   8.971947233627631
   0.703455433726488,   0.140168540344563,   0.495647573220015,   0.183583650446991,   0.774292260163715,   8.756056673433797
   0.700113208316160,   0.350657554432288,   0.518892301759925,   0.596942915020180,   0.157490609164432,  13.734419926983676
   0.753125150940534,   0.177409911407527,   0.793191805154004,   0.822392425985605,   0.363478392430796,  15.835903648850756
   0.958951353477572,   0.149796642903782,   0.178723415820921,   0.048218181910055,   0.528490524524484,   9.550207653662774
   0.521680548040867,   0.635076138770458,   0.500781122394528,   0.858802978219704,   0.737367601535611,  20.903127104634322
   0.103087656881940,   0.968674339339513,   0.209626676695227,   0.001251622919957,   0.425548877737224,   6.912531864901674
   0.317907684235769,   0.200053597709551,   0.423417027292911,   0.656997523376527,   0.695348813852739,  12.148759499825140
   0.638198336629486,   0.801882974583081,   0.051492482840321,   0.998409798651625,   0.114075504588835,  24.570830990071851
   0.442306789530942,   0.312315983102823,   0.887865936603490,   0.871361189327765,   0.855130545989926,  20.202897693955155
   0.858510012300926,   0.856615700202177,   0.519670418852021,   0.262744897692103,   0.783591762719586,  13.940715548320993
   0.309243916260811,   0.002494264476090,   0.339686088005407,   0.031105957037434,   0.013780137533916,   0.918203480625078
   0.953513983344432,   0.932897738587867,   0.272852838096654,   0.735816840786841,   0.413475309517973,  13.858698996420685
   0.921336164226511,   0.668526141804875,   0.093003241424871,   0.669059888156986,   0.916297274712897,  23.929003655668058
   0.842828174818072,   0.470890417648663,   0.382880125252552,   0.449204957160191,   0.974548307191887,  19.118949178275130
   0.925767504723526,   0.542043772066420,   0.548605889730940,   0.529796311802649,   0.833136419450907,  19.510734819784609
   0.846506293137812,   0.439578730396559,   0.571878600130149,   0.614723620823554,   0.145863476693422,  16.183507512560077
   0.348922725957515,   0.545721631554385,   0.032587859348057,   0.147484238659665,   0.178842072327935,  12.370138759089654
   0.118833616169230,   0.491974385435676,   0.820017903879899,   0.451628061046246,   0.091063579166413,   8.846191114753291
   0.758477708780427,   0.212425172797962,   0.398962808507880,   0.366008150707724,   0.592680529772035,  11.675988238017142
   0.835507719547382,   0.038355581787326,   0.164696189895924,   0.534722101157672,   0.121156446077541,   9.206643141173657
   0.699677397340605,   0.059733869057264,   0.455045489063244,   0.178202914164195,   0.309526484558824,   4.679321257563156
   0.057682692005175,   0.730902975387632,   0.006611022035189,   0.768862157201055,   0.999655790846080,  18.876194529102566
   0.869449460254272,   0.319011812101479,   0.485146025783417,   0.364390950574486,   0.769314231417975,  15.146988805205723
   0.965844318026892,   0.229190996141170,   0.881786071605566,   0.747079477245341,   0.887415880915069,  21.230256623294185
   0.225017487049740,   0.272379776394866,   0.161026150337190,   0.365982920209305,   0.829542243828771,  12.019218756180598
   0.778110596167897,   0.982970395634937,   0.112299480023832,   0.301914171484028,   0.803252607722926,  16.775023588280295
   0.029188884141370,   0.410884320915021,   0.112723236814308,   0.650717192678206,   0.377980146332801,  11.773428556205126
   0.590240916213371,   0.111897290769206,   0.438678891502897,   0.587175503659361,   0.006128860992540,   8.037656203374294
   0.254116019472803,   0.075830310403408,   0.842752907297639,   0.429938637978579,   0.449186310608436,   9.499914721038540
   0.182525705264934,   0.153627109194628,   0.481155612019849,   0.673501520630362,   0.327186704996818,   9.257842741149496
   0.209420784045882,   0.243205211835853,   0.740453656474336,   0.912578177809258,   0.333736528422627,  13.544087718372920
   0.042936243837823,   0.173853800661628,   0.971896037117133,   0.209962616159990,   0.059194203675241,   7.083801325068364
   0.874875269783166,   0.393148451083007,   0.796812690792364,   0.820887731805089,   0.378323652964905,  20.684710464708836
   0.696067185228199,   0.805539027083723,   0.703835431356561,   0.265493495473304,   0.370095403953158,  15.155062382261942
   0.095424276407139,   0.465037363498199,   0.710884244777806,   0.634638763070588,   0.992792544420474,  13.589390759668632
   0.470160623103747,   0.651652781668229,   0.676415797910740,   0.212023853227304,   0.487045537745751,  13.384292401168366
   0.298707978554301,   0.604423298712118,   0.822447577891548,   0.996370274244243,   0.404580588929709,  19.438799030768891
   0.600691983873518,   0.111249037939834,   0.597098912911857,   0.927438665335914,   0.030706973225465,  11.700510818020156
   0.825433704405530,   0.648929153946825,   0.563224224306114,   0.160042245718193,   0.935496503742631,  16.295206084022173
   0.251337483924156,   0.121816469072040,   0.418708314423423,   0.986882094129155,   0.339535024170102,  12.659043181717955
   0.483826355198055,   0.558989929342348,   0.703000665589510,   0.080562665645424,   0.169154750660320,   9.986122303633925
   0.478823735525612,   0.207820038768757,   0.597746138671623,   0.554061657716445,   0.857848390919240,  13.096445702122974
   0.971184350302167,   0.164448372299462,   0.377292548605098,   0.096343340190269,   0.126132645060348,   6.704781387012845
   0.499285416191885,   0.145745011194293,   0.284376355732325,   0.977205867420556,   0.175360349495245,  13.844956402179383
   0.463957736426325,   0.630947662718001,   0.897023138566385,   0.585233173194121,   0.810074752033896,  21.009136148375045
   0.965910083138796,   0.029218331259337,   0.132797402769376,   0.884868402327862,   0.144147882646585,  13.151646292423999
   0.176668504399852,   0.172877024273514,   0.939899155600131,   0.948893004650331,   0.883659296206996,  18.735483158824323
   0.212457858969398,   0.652554570876978,   0.453998769015229,   0.540781040786611,   0.856083099129544,  13.949652889427389
   0.632130620954256,   0.249178224500955,   0.876178127551647,   0.366055034654484,   0.633622905061873,  14.407793000005467
   0.954766423672182,   0.007314372589068,   0.806612757963900,   0.324627837219066,   0.198097475319332,   6.336369484086657
   0.226304104600189,   0.364073876047260,   0.580700067431116,   0.432357925247765,   0.209291947667661,   8.059885154293717
   0.282309939125781,   0.639298281631451,   0.494754034728842,   0.677248122353720,   0.808417092729040,  16.186117970804531
   0.515196106399672,   0.788343725427934,   0.524713139190600,   0.908979406153493,   0.618488823268093,  21.762958660939248
   0.545745244788942,   0.398543105864921,   0.493925777000594,   0.143516851133034,   0.644735527517754,  10.973185234212211
   0.636212572707949,   0.415273965421379,   0.523318806664405,   0.579887813926748,   0.389041656513332,  15.134388099205273
   0.847447195499231,   0.609504140713500,   0.664966821997046,   0.955929866822039,   0.227897574683229,  21.229598826696233
   0.105966248754522,   0.427070095991057,   0.635851470563722,   0.507864505230216,   0.468538547716040,   9.207393736977725
   0.343253713138797,   0.006120771708184,   0.965471200628438,   0.950932086755932,   0.839201580395995,  18.104601221020598
   0.162693795423510,   0.034190342345288,   0.603958871383039,   0.307303253434034,   0.534340404728840,   6.135627470736493
   0.790859544780282,   0.402285894069382,   0.881785665133578,   0.987158389974690,   0.086973267107800,  21.633678823434899
   0.179111340962651,   0.377921524168735,   0.194493923935672,   0.057794044920224,   0.151985874649534,   5.315102566211909
   0.678108072324576,   0.735773176268116,   0.886358855526720,   0.245282673960520,   0.803488616239700,  19.455677020427235
   0.252112579941414,   0.046943544234969,   0.712838656374452,   0.266772168875606,   0.925134692235431,   8.571124676796865
   0.634338160437771,   0.198095008027994,   0.317047178534411,   0.190440991428054,   0.305076824324940,   7.945188475011102
   0.582003110348334,   0.485044022402594,   0.392727245645385,   0.313720961559772,   0.722664756933696,  14.731614295993591
   0.581333221720928,   0.994297399498749,   0.947872686987693,   0.511733028452064,   0.059063270649262,  19.125573432393594
   0.402525072495498,   0.264518617062040,   0.609099656229514,   0.189870514556927,   0.196078540072210,   6.400143105796166
   0.728422096506545,   0.612843698040402,   0.971190584880589,   0.685237677632613,   0.038457044322391,  21.343679946197707
   0.995029305655964,   0.693995745311031,   0.049219993798916,   0.946646093745547,   0.962191520867053,  26.602621080000375
   0.078946323614201,   0.316384562340686,   0.874219822742871,   0.817597013610699,   0.525561061314301,  14.388468040180758
   0.270971828491697,   0.526207969277007,   0.783634989232533,   0.257348594068362,   0.387894763535749,  10.453140564616755
   0.179657890495041,   0.726006493714008,   0.101238977147855,   0.440820340988638,   0.890380899303608,  16.024268602898552
   0.630892184624411,   0.874868228703074,   0.021814199999182,   0.706684944252964,   0.671738463494308,  24.865902354425653
   0.251485901402048,   0.883261756007307,   0.316002650746533,   0.408632767750583,   0.773751710905155,  15.057792070835973
   0.104715218357561,   0.249851267295327,   0.537006075691531,   0.133336515089078,   0.048765463503883,   2.425598394214501
   0.781260215566579,   0.887291762357388,   0.545457881507700,   0.533013435775764,   0.364228900715358,  15.406386114387129
   0.748858664970720,   0.579131398460661,   0.543640716510281,   0.610885342934412,   0.224508146152029,  17.053268107226149
   0.175742463630550,   0.240311927392150,   0.923006199909090,   0.757272531562784,   0.357143285775842,  14.260026485432519
   0.394292400190277,   0.219404852250834,   0.073238366904202,   0.882409825658907,   0.625221393037824,  18.277162297485017
   0.959374950286394,   0.632641810688137,   0.529963151509007,   0.005787655872340,   0.908713315587214,  14.060327873314961
   0.492486072385402,   0.296320873797276,   0.396418238115808,   0.481587747113225,   0.848091859020664,  13.696640743833164
   0.148216112981421,   0.637092496068058,   0.523669187982725,   0.045223581974208,   0.643265356367942,   6.602971384302425
   0.455913170303240,   0.723962458835728,   0.757036694230498,   0.116451848861356,   0.216387520523135,  12.176257235740858
   0.074687370116294,   0.898413809908179,   0.871372842066343,   0.555249980840307,   0.066616167336231,  10.736372518908924
   0.540796570422783,   0.541537801047284,   0.399005690010580,   0.975599137358582,   0.036247948192782,  18.097561972931601
   0.681212115313415,   0.371781939983003,   0.606721821981075,   0.180827296051389,   0.266212943243685,  10.510295245680108
   0.022349641181855,   0.077112056363999,   0.231324439628005,   0.878175719706306,   0.177556052100217,  11.167411377298762
   0.264845437357479,   0.149766658406312,   0.873905485694568,   0.564530047803106,   0.077292326912543,  10.070759156192448
   0.992494246737871,   0.350288735240646,   0.144574485809221,   0.341291229245166,   0.309965177923517,  16.365728117600352
   0.566813047921477,   0.319294137029252,   0.693451588020473,   0.517750515616483,   0.728043777152053,  14.950433928236381
   0.461351499589584,   0.120258351346466,   0.573214560417967,   0.104417283952095,   0.757738906086561,   6.674261358479470
   0.981049812121230,   0.687490391509792,   0.310550970783404,   0.935606421918501,   0.805413182576083,  22.636164207081723
   0.899743131368317,   0.584335365257770,   0.237385904407481,   0.443384545510024,   0.882344265157140,  20.192182667102770
   0.279030204292500,   0.644906805178696,   0.880138903952822,   0.859139889945381,   0.509400097553960,  19.385412343372778
   0.529110174902913,   0.529642806252911,   0.454798393374789,   0.454325380131692,   0.978324616461658,  17.185664842088791
   0.074509821150086,   0.132605121469742,   0.976477849464032,   0.660354854539705,   0.680321046323657,  14.856128169473333
   0.505093704386598,   0.344852292308263,   0.605984379578794,   0.100341988516395,   0.142521238991967,   7.143756296099284
   0.792610959297573,   0.378240815535225,   0.731521179033408,   0.914597304192764,   0.752371517126144,  22.066306566841615
   0.645027151044065,   0.734609672644796,   0.798975390836810,   0.613908637213849,   0.997178958432729,  22.878962964631171
   0.323259680189227,   0.630261657297999,   0.756142406518698,   0.006749918969109,   0.157746048533153,   8.140862790865814
   0.982004849538716,   0.688930935998646,   0.447281199993488,   0.603413795248046,   0.197368274553187,  15.577695163607494
   0.128331057131482,   0.673510216416146,   0.839477453310770,   0.552280154645568,   0.747067896339486,  14.245145050546666
   0.977724266304296,   0.666772256233913,   0.215369912459905,   0.334695254357120,   0.330329310876924,  15.501412532335905
   0.412166029942624,   0.466838985728783,   0.121508067503466,   0.512041891987391,   0.356676655700040,  15.452351050842758
   0.270386344858599,   0.736384231872052,   0.459006859749654,   0.218500992247826,   0.808773275492161,  12.117649570302095
   0.319251206182495,   0.417689096250725,   0.476538615494521,   0.083181993683381,   0.096605123723435,   5.393634406352930
   0.942692117308344,   0.208976752163112,   0.147649100927751,   0.369496145423264,   0.284529642094322,  13.401996188285073
   0.955319637348365,   0.713303924561366,   0.485334484579784,   0.982179790746510,   0.371904524187141,  20.104689273363331
   0.208330953959809,   0.386686135727561,   0.872473453394895,   0.151098252419654,   0.314427094374854,   8.361742887913401
   0.989499498573601,   0.594458664557364,   0.958785457186468,   0.916925638560445,   0.870117047117751,  27.347941096678536
   0.726696225823865,   0.688580738757034,   0.436991923415983,   0.051906556844110,   0.057152533310317,  10.884221120975329
   0.275341926424853,   0.079858270496086,   0.418650375110358,   0.311638136317223,   0.535482443003781,   6.616383316947571
   0.297516532875558,   0.286396196014755,   0.707850946143972,   0.518483720816536,   0.746496872351044,  12.426382714900690
   0.406727766077127,   0.161629826300302,   0.345414391816069,   0.704320402688230,   0.552345635697600,  12.333478275894935
   0.288458743442701,   0.840944062168879,   0.940675846227422,   0.669779491267866,   0.416105451226978,  19.566503901861189
   0.144052843260544,   0.436358946292198,   0.528646421514807,   0.501457276744130,   0.890842007969268,  11.447150944582553
   0.591983526720669,   0.353633108560463,   0.795699037923530,   0.329163718625979,   0.845935937632307,  15.382872878608627
   0.007199797314134,   0.074145941046827,   0.007254675832947,   0.634881079722060,   0.015425500177396,  11.298668324632040
   0.966207820457353,   0.693034185243137,   0.848636302996974,   0.097996870323384,   0.113487324562140,  12.591920864912204
   0.195143748702501,   0.889996920397841,   0.499723907017714,   0.851171306263796,   0.630292239887797,  16.852686897326905
   0.180724145231591,   0.480363187480448,   0.310249041826851,   0.332435070506869,   0.128412970388612,   7.380156701128577
   0.191771869055360,   0.262452240425902,   0.141285916572546,   0.078079590325945,   0.127471750982234,   5.566283636875027
   0.100914811598002,   0.105948262667545,   0.113988757154884,   0.947897137561816,   0.983966392187136,  17.714724971872208
   0.068329710353714,   0.955317699770258,   0.961971478606118,   0.239726999253919,   0.982997956934972,  13.616993441653678
   0.179047938933603,   0.418968128070080,   0.290792110915964,   0.654660471956118,   0.193229310457155,  10.723033545703707
